38,Co-operative
72,Co-operative
79,Co-operative
84,Co-operative
96,Split screen
97,Split screen
98,Split screen
99,Split screen
107,Co-operative
115,Co-operative
120,Co-operative
121,Co-operative
122,Co-operative
124,Co-operative
125,Co-operative
126,Co-operative
138,Co-operative
141,Co-operative
142,Co-operative
143,Split screen
154,Split screen
172,Co-operative
176,Split screen
189,Co-operative
209,Co-operative
211,Split screen
234,Massively Multiplayer Online (MMO)
239,Co-operative
246,Co-operative
255,Co-operative
272,Co-operative
276,Co-operative
286,Co-operative
288,Co-operative
312,Co-operative
316,Co-operative
317,Co-operative
333,Co-operative
343,Co-operative
386,Co-operative
422,Split screen
432,Co-operative
441,Co-operative
448,Co-operative
449,Co-operative
450,Co-operative
454,Co-operative
466,Co-operative
469,Co-operative
470,Co-operative
477,Co-operative
488,Co-operative
489,Massively Multiplayer Online (MMO)
492,Co-operative
496,Co-operative
498,Co-operative
502,Co-operative
503,Co-operative
509,Co-operative
512,Co-operative
513,Massively Multiplayer Online (MMO)
514,Co-operative
516,Co-operative
527,Co-operative
528,Co-operative
529,Co-operative
536,Co-operative
540,Co-operative
542,Co-operative
543,Co-operative
545,Co-operative
547,Co-operative
548,Co-operative
555,Co-operative
556,Co-operative
559,Co-operative
560,Co-operative
562,Co-operative
565,Co-operative
568,Co-operative
572,Co-operative
576,Massively Multiplayer Online (MMO)
578,Massively Multiplayer Online (MMO)
600,Co-operative
601,Co-operative
623,Co-operative
625,Co-operative
653,Co-operative
666,Co-operative
673,Co-operative
674,Co-operative
678,Co-operative
696,Co-operative
700,Co-operative
701,Co-operative
703,Co-operative
718,Split screen
735,Co-operative
740,Co-operative
741,Co-operative
763,Massively Multiplayer Online (MMO)
764,Co-operative
766,Co-operative
767,Co-operative
769,Co-operative
787,Co-operative
813,Co-operative
814,Co-operative
815,Co-operative
816,Co-operative
817,Co-operative
818,Co-operative
847,Co-operative
853,Co-operative
856,Co-operative
857,Co-operative
858,Co-operative
870,Co-operative
873,Co-operative
874,Co-operative
875,Co-operative
879,Co-operative
908,Co-operative
909,Co-operative
911,Co-operative
913,Split screen
925,Co-operative
948,Co-operative
952,Co-operative
954,Co-operative
961,Co-operative
977,Co-operative
978,Co-operative
979,Co-operative
981,Co-operative
986,Co-operative
987,Co-operative
988,Co-operative
989,Co-operative
990,Co-operative
991,Co-operative
995,Co-operative
1006,Co-operative
1011,Co-operative
1014,Massively Multiplayer Online (MMO)
