5,Co-operative
6,Co-operative
22,Co-operative
35,Multiplayer
36,Multiplayer
38,Multiplayer
50,Multiplayer
67,Multiplayer
68,Multiplayer
72,Multiplayer
75,Multiplayer
123,Massively Multiplayer Online (MMO)
126,Multiplayer
130,Multiplayer
132,Multiplayer
133,Multiplayer
142,Multiplayer
169,Multiplayer
230,Multiplayer
231,Multiplayer
239,Multiplayer
245,Multiplayer
246,Multiplayer
255,Multiplayer
257,Multiplayer
272,Multiplayer
288,Multiplayer
293,Multiplayer
295,Multiplayer
303,Multiplayer
312,Multiplayer
316,Multiplayer
327,Multiplayer
339,Multiplayer
363,Multiplayer
364,Multiplayer
365,Multiplayer
366,Multiplayer
394,Multiplayer
403,Multiplayer
434,Multiplayer
436,Multiplayer
440,Multiplayer
448,Multiplayer
449,Multiplayer
456,Multiplayer
457,Multiplayer
458,Multiplayer
512,Multiplayer
565,Multiplayer
634,Multiplayer
640,Multiplayer
647,Multiplayer
653,Multiplayer
654,Multiplayer
717,Multiplayer
721,Multiplayer
728,Multiplayer
732,Co-operative
736,Multiplayer
741,Multiplayer
750,Multiplayer
767,Multiplayer
788,Multiplayer
796,Multiplayer
815,Multiplayer
817,Multiplayer
820,Multiplayer
824,Multiplayer
841,Multiplayer
842,Multiplayer
863,Multiplayer
866,Multiplayer
911,Multiplayer
913,Multiplayer
987,Multiplayer
990,Multiplayer
1009,Multiplayer
1020,Multiplayer
1033,Co-operative
1046,Multiplayer
1068,Multiplayer
1070,Multiplayer
1077,Co-operative
1078,Multiplayer
1090,Multiplayer
1092,Multiplayer
1108,Multiplayer
1112,Multiplayer
1173,Multiplayer
1204,Multiplayer
1224,Multiplayer
1253,Co-operative
1255,Massively Multiplayer Online (MMO)
1260,Multiplayer
1352,Co-operative
1357,Co-operative
1370,Multiplayer
1371,Multiplayer
1440,Multiplayer
1463,Multiplayer
1466,Multiplayer
1511,Multiplayer
1513,Multiplayer
1514,Multiplayer
1517,Multiplayer
1518,Multiplayer
1520,Multiplayer
1545,Multiplayer
1551,Multiplayer
1558,Multiplayer
1600,Multiplayer
1601,Multiplayer
1627,Multiplayer
1638,Multiplayer
1692,Multiplayer
1706,Multiplayer
1757,Multiplayer
1758,Multiplayer
1780,Multiplayer
1786,Multiplayer
1840,Multiplayer
1904,Multiplayer
1968,Multiplayer
1985,Multiplayer
2012,Multiplayer
2025,Multiplayer
2037,Multiplayer
2054,Multiplayer
2133,Co-operative
2135,Multiplayer
2143,Multiplayer
2144,Multiplayer
2155,Multiplayer
2180,Multiplayer
2194,Multiplayer
2240,Multiplayer
2259,Multiplayer
2350,Multiplayer
2541,Multiplayer
2591,Multiplayer
2617,Multiplayer
2687,Multiplayer
2692,Multiplayer
2693,Multiplayer
2922,Multiplayer
3029,Multiplayer
3047,Multiplayer
3067,Multiplayer
3084,Co-operative
3216,Multiplayer
3272,Multiplayer
3319,Multiplayer
3322,Multiplayer
3405,Split screen
3418,Multiplayer
3448,Multiplayer
3466,Multiplayer
3637,Multiplayer
3641,Multiplayer
3719,Multiplayer
3725,Multiplayer
3735,Multiplayer
3783,Split screen
3814,Multiplayer
3915,Multiplayer
3932,Split screen
3953,Multiplayer
4034,Split screen
4035,Split screen
4036,Split screen
4041,Split screen
4042,Split screen
4043,Split screen
4126,Multiplayer
4157,Multiplayer
4174,Multiplayer
4345,Multiplayer
4438,Multiplayer
4691,Multiplayer
4716,Multiplayer
4841,Multiplayer
4884,Co-operative
4887,Co-operative
4985,Multiplayer
4986,Multiplayer
5056,Multiplayer
5065,Multiplayer
5079,Multiplayer
5082,Multiplayer
5099,Split screen
5199,Multiplayer
5223,Multiplayer
5233,Multiplayer
5258,Multiplayer
5369,Split screen
5413,Multiplayer
5422,Multiplayer
5423,Split screen
5440,Multiplayer
5502,Multiplayer
5508,Multiplayer
5563,Multiplayer
5595,Multiplayer
5613,Multiplayer
5623,Multiplayer
5626,Multiplayer
5645,Multiplayer
5831,Multiplayer
5850,Split screen
5882,Multiplayer
5894,Multiplayer
5911,Multiplayer
5951,Multiplayer
5953,Multiplayer
5954,Multiplayer
6036,Multiplayer
6256,Multiplayer
6291,Multiplayer
6294,Multiplayer
6375,Multiplayer
6405,Multiplayer
6440,Multiplayer
6453,Multiplayer
6454,Multiplayer
6456,Multiplayer
6459,Multiplayer
6504,Multiplayer
6517,Multiplayer
6555,Multiplayer
6616,Multiplayer
6739,Multiplayer
6763,Split screen
6865,Multiplayer
6933,Multiplayer
6967,Multiplayer
6978,Multiplayer
6982,Multiplayer
7016,Multiplayer
7046,Multiplayer
7111,Multiplayer
7130,Multiplayer
7139,Multiplayer
7140,Multiplayer
7158,Massively Multiplayer Online (MMO)
7160,Multiplayer
7167,Multiplayer
7178,Multiplayer
7179,Multiplayer
7180,Multiplayer
7189,Multiplayer
7331,Multiplayer
7334,Multiplayer
7348,Multiplayer
7351,Multiplayer
7464,Multiplayer
7512,Multiplayer
7789,Multiplayer
7881,Multiplayer
7900,Multiplayer
8199,Multiplayer
8211,Multiplayer
8240,Multiplayer
8247,Multiplayer
8307,Multiplayer
8389,Multiplayer
8471,Multiplayer
8584,Co-operative
8711,Multiplayer
8749,Multiplayer
8750,Multiplayer
8763,Multiplayer
8773,Multiplayer
8947,Co-operative
8969,Multiplayer
8973,Multiplayer
8974,Multiplayer
8975,Multiplayer
9058,Multiplayer
9059,Multiplayer
9061,Multiplayer
9067,Multiplayer
9142,Multiplayer
9143,Multiplayer
9146,Multiplayer
9262,Multiplayer
9538,Multiplayer
9587,Multiplayer
9609,Multiplayer
9632,Multiplayer
9759,Multiplayer
9808,Multiplayer
9833,Multiplayer
9834,Multiplayer
9894,Multiplayer
9898,Multiplayer
10039,Multiplayer
10192,Multiplayer
10235,Multiplayer
10760,Multiplayer
11002,Multiplayer
11051,Multiplayer
11104,Multiplayer
11133,Multiplayer
11219,Co-operative
11222,Multiplayer
11226,Multiplayer
11227,Multiplayer
11247,Multiplayer
11250,Multiplayer
11259,Multiplayer
11397,Multiplayer
11565,Multiplayer
11612,Multiplayer
11650,Split screen
11658,Multiplayer
11800,Multiplayer
11885,Multiplayer
12497,Multiplayer
12672,Multiplayer
12765,Multiplayer
12861,Multiplayer
13074,Multiplayer
13155,Multiplayer
13177,Co-operative
13226,Co-operative
13257,Multiplayer
13620,Multiplayer
13679,Co-operative
13923,Multiplayer
13925,Multiplayer
13926,Multiplayer
13927,Multiplayer
13928,Multiplayer
14173,Multiplayer
14177,Multiplayer
14481,Multiplayer
14647,Multiplayer
14697,Multiplayer
14701,Multiplayer
15123,Multiplayer
15140,Multiplayer
15559,Multiplayer
16328,Co-operative
16538,Multiplayer
16748,Multiplayer
17000,Multiplayer
17573,Multiplayer
18074,Multiplayer
18150,Multiplayer
18165,Multiplayer
18221,Multiplayer
18314,Multiplayer
18337,Co-operative
18597,Multiplayer
18698,Multiplayer
18699,Multiplayer
18924,Multiplayer
19121,Multiplayer
19150,Multiplayer
19190,Multiplayer
19351,Multiplayer
19409,Multiplayer
19636,Multiplayer
19728,Multiplayer
19803,Multiplayer
19875,Multiplayer
19910,Multiplayer
19924,Multiplayer
20192,Multiplayer
20203,Multiplayer
20341,Multiplayer
20880,Co-operative
20970,Multiplayer
20979,Multiplayer
21014,Multiplayer
21040,Multiplayer
21669,Multiplayer
21762,Multiplayer
21838,Co-operative
21988,Multiplayer
22239,Multiplayer
22461,Co-operative
22686,Multiplayer
22705,Co-operative
22778,Multiplayer
22984,Multiplayer
23048,Multiplayer
23158,Multiplayer
23190,Co-operative
23192,Co-operative
23957,Co-operative
24413,Multiplayer
24481,Multiplayer
24723,Multiplayer
24891,Co-operative
24962,Co-operative
25076,Multiplayer
25358,Multiplayer
25838,Co-operative
26143,Split screen
26195,Multiplayer
26255,Multiplayer
26384,Multiplayer
26758,Co-operative
26848,Multiplayer
26916,Multiplayer
27129,Multiplayer
27258,Multiplayer
27304,Co-operative
27436,Multiplayer
27461,Multiplayer
27677,Multiplayer
27820,Multiplayer
27857,Multiplayer
27916,Co-operative
28028,Multiplayer
28176,Multiplayer
28210,Multiplayer
28412,Multiplayer
28896,Multiplayer
28972,Multiplayer
28981,Multiplayer
29211,Multiplayer
29586,Multiplayer
30155,Multiplayer
30548,Multiplayer
30804,Multiplayer
31149,Multiplayer
32469,Multiplayer
32614,Multiplayer
32889,Multiplayer
33306,Multiplayer
33414,Multiplayer
33992,Multiplayer
34951,Multiplayer
35934,Multiplayer
37059,Multiplayer
37060,Multiplayer
38387,Multiplayer
39217,Multiplayer
39539,Multiplayer
41620,Multiplayer
41621,Multiplayer
41884,Multiplayer
42554,Multiplayer
42813,Multiplayer
42931,Multiplayer
42975,Multiplayer
43680,Multiplayer
47447,Multiplayer
50347,Multiplayer
50357,Multiplayer
51226,Multiplayer
51378,Co-operative
51485,Multiplayer
51820,Multiplayer
52496,Multiplayer
52715,Multiplayer
53818,Multiplayer
54167,Co-operative
54662,Multiplayer
55036,Multiplayer
55056,Multiplayer
55057,Multiplayer
55372,Multiplayer
57153,Multiplayer
57191,Multiplayer
58946,Co-operative
59858,Multiplayer
72327,Multiplayer
74162,Multiplayer
74285,Multiplayer
74732,Multiplayer
75239,Co-operative
75868,Co-operative
76045,Multiplayer
76110,Multiplayer
76217,Multiplayer
76331,Multiplayer
76356,Multiplayer
76959,Multiplayer
77264,Multiplayer
77336,Multiplayer
77378,Multiplayer
78127,Multiplayer
78386,Multiplayer
78951,Multiplayer
79149,Multiplayer
79156,Multiplayer
79812,Multiplayer
80185,Multiplayer
81085,Multiplayer
81141,Massively Multiplayer Online (MMO)
82392,Multiplayer
82418,Co-operative
82435,Multiplayer
83730,Multiplayer
83876,Multiplayer
83881,Multiplayer
84157,Multiplayer
84657,Multiplayer
84677,Multiplayer
84697,Multiplayer
86295,Co-operative
86647,Multiplayer
86828,Massively Multiplayer Online (MMO)
87197,Multiplayer
87530,Multiplayer
88578,Co-operative
88618,Multiplayer
88907,Multiplayer
88938,Multiplayer
89181,Multiplayer
89492,Multiplayer
89771,Multiplayer
90101,Multiplayer
90517,Multiplayer
90518,Co-operative
91191,Multiplayer
91212,Co-operative
94049,Massively Multiplayer Online (MMO)
94054,Multiplayer
94873,Co-operative
94983,Co-operative
95054,Multiplayer
95508,Multiplayer
96488,Multiplayer
103281,Multiplayer
103317,Co-operative
103337,Multiplayer
104819,Multiplayer
104967,Multiplayer
105594,Multiplayer
105624,Multiplayer
109241,Co-operative
109456,Multiplayer
110062,Multiplayer
112412,Massively Multiplayer Online (MMO)
113113,Multiplayer
113344,Multiplayer
113598,Multiplayer
114135,Multiplayer
115776,Multiplayer
116201,Multiplayer
116539,Multiplayer
116667,Multiplayer
119133,Multiplayer
119304,Multiplayer
119305,Multiplayer
120200,Multiplayer
120436,Multiplayer
120551,Multiplayer
120646,Multiplayer
121436,Multiplayer
122195,Multiplayer
122661,Multiplayer
124954,Multiplayer
125009,Multiplayer
125021,Multiplayer
125764,Multiplayer
126138,Multiplayer
127155,Multiplayer
127782,Multiplayer
129797,Multiplayer
131887,Multiplayer
132205,Multiplayer
133887,Multiplayer
133945,Multiplayer
134606,Multiplayer
135243,Split screen
135337,Co-operative
135999,Multiplayer
136770,Multiplayer
138227,Multiplayer
138851,Multiplayer
138950,Multiplayer
139399,Multiplayer
139446,Multiplayer
140059,Massively Multiplayer Online (MMO)
141415,Multiplayer
141503,Multiplayer
142289,Co-operative
142494,Multiplayer
142803,Multiplayer
143335,Multiplayer
145327,Multiplayer
153700,Multiplayer
163344,Battle Royale
171768,Multiplayer
172427,Multiplayer
176552,Multiplayer
178283,Multiplayer
196789,Co-operative
