id,name,Release Year,Score Rating
1,Thief II: The Metal Age,2000.0,89.26
2,Thief: The Dark Project,1998.0,78.28
5,Baldur's Gate,1998.0,87.07
6,Baldur's Gate II: Shadows of Amn,2000.0,89.94
9,Jagged Alliance 2,1999.0,86.15
11,Vampire: The Masquerade - Bloodlines,2004.0,79.91
13,Fallout,1997.0,86.9
14,Fallout 2,1998.0,91.1
16,Fallout: New Vegas,2010.0,85.86
18,Max Payne,2001.0,81.45
19,Max Payne 2: The Fall of Max Payne,2003.0,86.29
20,BioShock,2007.0,91.99
22,System Shock 2,1999.0,90.15
23,System Shock,1994.0,91.19
24,X-COM: UFO Defense,1994.0,86.84
35,Dungeon Keeper,1997.0,48.64
36,Dungeon Keeper 2,1999.0,87.93
37,Dead Space,2008.0,87.66
38,Dead Space 2,2011.0,89.06
39,Mafia,2002.0,76.0
41,Deus Ex,2000.0,89.77
50,Syndicate: American Revolt,1993.0,89.78
56,The Elder Scrolls III: Morrowind,2002.0,85.71
59,The Elder Scrolls IV: Oblivion,2006.0,90.89
60,The Secret of Monkey Island,1990.0,83.63
61,Monkey Island 2: LeChuck's Revenge,1991.0,90.47
62,The Curse of Monkey Island,1997.0,85.87
65,The Secret of Monkey Island: Special Edition,2009.0,82.96
66,Monkey Island 2 Special Edition: LeChuck's Revenge,2010.0,87.39
67,Master of Orion,1993.0,87.16
68,Master of Orion II: Battle at Antares,1996.0,90.51
71,Portal,2007.0,85.81
72,Portal 2,2011.0,94.68
73,Mass Effect,2007.0,89.25
74,Mass Effect 2,2010.0,95.41
75,Mass Effect 3,2012.0,89.95
76,Dragon Age: Origins,2009.0,89.85
86,Dune II: The Building of a Dynasty,1992.0,89.96
116,Star Wars: Knights of the Old Republic,2003.0,93.21
118,Star Wars: Knights of the Old Republic II - The Sith Lords,2004.0,88.47
123,World of Warcraft,2004.0,86.35
126,Diablo II,2000.0,90.31
127,Assassin's Creed II,2009.0,90.63
130,Warcraft II: Tides of Darkness,1995.0,89.36
132,Warcraft III: Reign of Chaos,2002.0,91.72
133,Warcraft III: The Frozen Throne,2003.0,88.37
142,Star Wars: Battlefront II,2005.0,81.1
166,Star Wars: TIE Fighter,1994.0,88.93
169,Star Wars: X-Wing Alliance,1999.0,86.09
181,Grim Fandango,1998.0,86.16
184,Indiana Jones and the Fate of Atlantis,1992.0,90.36
191,Loom,1990.0,88.58
192,Maniac Mansion,1987.0,88.81
193,Day of the Tentacle,1993.0,91.22
202,Sam & Max Hit the Road,1993.0,84.08
207,The Dig,1995.0,65.21
222,Phantasmagoria 2: A Puzzle of Flesh,1996.0,86.87
227,World of Warcraft: The Burning Crusade,2007.0,83.47
228,World of Warcraft: Wrath of the Lich King,2008.0,93.72
230,StarCraft,1998.0,89.93
231,Half-Life,1998.0,86.36
233,Half-Life 2,2004.0,92.98
239,StarCraft II: Wings of Liberty,2010.0,89.03
245,Command & Conquer: Red Alert 2,2000.0,88.81
246,Diablo II: Lord of Destruction,2001.0,88.92
247,Half-Life 2: Episode Two,2007.0,79.94
255,Arcanum: Of Steamworks and Magick Obscura,2001.0,89.69
257,"Warhammer 40,000: Dawn of War",2004.0,85.92
272,Unreal Tournament,1999.0,93.6
285,Railroad Tycoon II,1998.0,85.48
288,Operation Flashpoint: Cold War Crisis,2001.0,89.27
293,Sid Meier's Civilization IV,2005.0,90.72
295,Command & Conquer: Red Alert,1996.0,87.4
303,Anno 1602: Creation of a New World,1998.0,87.54
312,DOOM II: Hell on Earth,1994.0,85.4
316,SWAT 4,2005.0,85.86
322,Blade Runner,1997.0,87.35
327,Age of Empires II: The Age of Kings,1999.0,84.0
339,The Orange Box,2007.0,90.06
363,Heroes of Might and Magic II: The Succession Wars,1996.0,85.78
364,Heroes of Might and Magic III: The Restoration of Erathia,1999.0,90.46
365,Heroes of Might and Magic III: Armageddon's Blade,1999.0,88.2
366,Heroes of Might and Magic III: The Shadow of Death,2000.0,83.78
375,Metal Gear Solid,1998.0,86.35
376,Metal Gear Solid 2: Sons of Liberty,2001.0,89.79
379,Metal Gear Solid 3: Snake Eater,2004.0,89.99
380,Metal Gear Solid 4: Guns of the Patriots,2008.0,91.15
394,Final Fantasy Tactics: The War of the Lions,2007.0,85.94
398,Final Fantasy XII,2006.0,88.18
403,Final Fantasy Legend II,1990.0,86.58
418,Final Fantasy X,2001.0,91.79
421,Final Fantasy IX,2000.0,86.45
426,Final Fantasy VI,1994.0,95.62
427,Final Fantasy VII,1997.0,88.69
428,Final Fantasy Tactics,1997.0,85.16
434,Red Dead Redemption,2010.0,92.14
436,Shogun: Total War,2000.0,88.15
440,Medieval II: Total War,2006.0,88.39
448,Operation Flashpoint: Resistance,2002.0,89.79
449,Operation Flashpoint: Red Hammer,2002.0,88.58
456,StarCraft: Brood War,1998.0,90.55
457,StarCraft II: Heart of the Swarm,2013.0,88.13
458,StarCraft II: Legacy of the Void,2015.0,88.8
460,"Simon the Sorcerer II: The Lion, the Wizard and the Wardrobe",1995.0,86.0
472,The Elder Scrolls V: Skyrim,2011.0,94.43
474,Metal Gear Solid 2: Substance,2002.0,84.01
479,Metal Gear Solid 3: Subsistence,2005.0,95.06
481,Silent Hill 2,2001.0,91.73
499,God of War III,2010.0,91.63
500,Batman: Arkham Asylum,2009.0,89.75
501,Batman: Arkham City,2011.0,90.97
512,Uncharted 3: Drake's Deception,2011.0,90.36
533,Dishonored,2012.0,88.98
538,Bioshock Infinite,2013.0,91.47
551,God of War II,2007.0,90.38
565,Uncharted 2: Among Thieves,2009.0,93.95
634,Sid Meier's Civilization II,1996.0,85.4
640,Codename: Panzers - Phase One,2004.0,87.54
647,Command & Conquer,1995.0,86.14
653,Commandos 2: Men of Courage,2001.0,88.52
654,Company of Heroes,2006.0,90.52
657,Dark Age of Camelot,2001.0,94.56
717,Football Manager 2011,2010.0,85.55
721,Freedom Force vs. The 3rd Reich,2005.0,93.05
728,Grand Prix II,1996.0,87.91
730,Grand Theft Auto III,2001.0,91.18
732,Grand Theft Auto: San Andreas,2004.0,93.96
733,Grand Theft Auto: Vice City,2002.0,92.66
736,GT Legends,2005.0,87.43
741,Hearts of Iron III,2009.0,85.25
750,Homeworld 2,2003.0,81.16
767,Kohan: Immortal Sovereigns,2001.0,84.27
782,Mass Effect 2: Lair of the Shadow Broker,2010.0,76.8
788,Microsoft Flight Simulator 2000,1999.0,79.95
790,Might and Magic VI: The Mandate of Heaven,1998.0,87.39
794,Wing Commander: Privateer,1993.0,89.94
796,MVP Baseball 2005,2005.0,91.9
797,Myst III: Exile,2001.0,88.15
815,NHL 2002,2001.0,77.97
817,NHL 97,1996.0,89.51
820,No One Lives Forever 2: A Spy in H.A.R.M.'s Way,2002.0,83.47
824,NHL 09,2008.0,89.81
827,Outcast,1999.0,89.07
832,Planescape: Torment,1999.0,80.61
841,Rallisport Challenge,2002.0,89.54
842,Rally Trophy,2001.0,78.05
851,Robin Hood: The Legend of Sherwood,2002.0,83.09
863,Sid Meier's Alpha Centauri,1999.0,90.75
866,Sid Meier's Civilization V,2010.0,87.09
902,Sid Meier's Civilization,1991.0,93.5
911,Tom Clancy's Splinter Cell: Chaos Theory,2005.0,81.6
913,Tony Hawk's Pro Skater 2,2000.0,86.3
916,Toonstruck,1996.0,90.81
934,Wing Commander IV: The Price of Freedom,1995.0,75.97
935,Wing Commander: Prophecy,1997.0,77.54
955,Under a Killing Moon,1994.0,79.0
974,Resident Evil 4,2005.0,85.58
987,Halo 3,2007.0,88.81
990,Halo: Reach,2010.0,87.73
1009,The Last of Us,2013.0,94.72
1020,Grand Theft Auto V,2013.0,92.64
1026,The Legend of Zelda: A Link to the Past,1991.0,97.32
1027,The Legend of Zelda: Link's Awakening DX,1998.0,88.05
1028,The Legend of Zelda: Link's Awakening,1993.0,83.11
1029,The Legend of Zelda: Ocarina of Time,1998.0,93.29
1030,The Legend of Zelda: Majora's Mask,2000.0,89.19
1033,The Legend of Zelda: The Wind Waker,2002.0,89.7
1036,The Legend of Zelda: Twilight Princess,2006.0,91.42
1039,The Legend of Zelda: Ocarina of Time 3D,2011.0,91.96
1046,Star Control II,1992.0,95.84
1068,Super Mario Bros. 3,1988.0,90.22
1070,Super Mario World,1990.0,97.7
1073,Super Mario World 2: Yoshi's Island,1995.0,94.93
1074,Super Mario 64,1996.0,90.83
1077,Super Mario Galaxy,2007.0,94.34
1078,Super Mario Galaxy 2,2010.0,93.25
1090,Donkey Kong Country,1994.0,82.88
1092,Donkey Kong Country 2: Diddy's Kong Quest,1995.0,79.83
1103,Super Metroid,1994.0,97.09
1105,Metroid Prime,2002.0,94.14
1107,Metroid: Zero Mission,2004.0,91.48
1108,Metroid Prime 2: Echoes,2004.0,83.53
1111,Metroid Prime 3: Corruption,2007.0,88.03
1112,Metroid Prime: Trilogy,2009.0,89.38
1115,Vampire Killer,1986.0,85.74
1128,Castlevania: Symphony of the Night,1997.0,92.49
1134,Castlevania: Aria of Sorrow,2003.0,87.12
1173,Golden Sun: The Lost Age,2002.0,84.09
1179,Lufia: The Legend Returns,2001.0,90.0
1200,Tales of Phantasia,1995.0,75.87
1204,Tales of Symphonia,2003.0,88.8
1215,Dark Cloud 2,2002.0,87.58
1217,Shenmue,1999.0,87.78
1221,Kingdom Hearts II,2005.0,89.68
1224,Kingdom Hearts Birth by Sleep,2010.0,84.57
1229,Xenosaga Episode III: Also sprach Zarathustra,2006.0,85.94
1230,Phantasy Star IV: The End of the Millennium,1993.0,89.98
1233,Phantasy Star,1987.0,89.69
1250,Gabriel Knight: Sins of the Fathers,1993.0,87.22
1251,The Beast Within: A Gabriel Knight Mystery,1995.0,84.56
1253,The Lost Vikings 2,1997.0,86.8
1255,MechWarrior Online,2013.0,80.58
1260,South Park Let's Go Tower Defense Play!,2009.0,73.94
1271,Ōkami,2006.0,88.52
1272,SimCity,1989.0,72.64
1341,Beyond Good & Evil,2003.0,88.7
1346,Xenogears,1998.0,89.41
1348,Ghost Trick: Phantom Detective,2010.0,86.64
1352,Journey,2012.0,90.93
1357,U.N. Squadron,1989.0,88.51
1370,Company of Heroes: Opposing Fronts,2007.0,83.97
1371,Company of Heroes: Tales of Valor,2009.0,76.75
1399,Professor Layton and the Unwound Future,2008.0,89.16
1428,Phoenix Wright: Ace Attorney − Trials and Tribulations,2004.0,85.98
1433,Fire Emblem: Shadow Dragon and the Blade of Light,1990.0,72.59
1436,Fire Emblem: Genealogy of the Holy War,1996.0,85.73
1437,Fire Emblem: Thracia 776,1999.0,88.78
1439,Fire Emblem: The Blazing Blade,2003.0,88.94
1440,Fire Emblem: The Sacred Stones,2004.0,84.09
1442,Fire Emblem: Radiant Dawn,2007.0,80.31
1443,Fire Emblem: Awakening,2012.0,88.0
1454,Suikoden II,1998.0,96.26
1463,Perfect Dark,2000.0,80.04
1466,Perfect Dark,2010.0,78.36
1498,Front Mission,1995.0,79.47
1511,Pokémon Blue,1996.0,85.81
1513,Pokémon Silver,1999.0,86.89
1514,Pokémon Crystal,2000.0,87.34
1517,Pokémon Emerald,2004.0,73.36
1518,Pokémon Pearl,2006.0,85.48
1520,Pokémon SoulSilver,2009.0,90.24
1545,Wipeout 2048,2012.0,84.27
1551,Virtua Fighter 3,1996.0,88.04
1556,Pokémon HeartGold,2009.0,86.67
1558,Pokémon Gold,1999.0,87.22
1600,Gran Turismo 3: A-Spec,2001.0,92.71
1601,Gran Turismo 4,2004.0,86.56
1627,Super Smash Bros. Melee,2001.0,95.15
1638,GoldenEye 007,1997.0,86.94
1671,Panzer Dragoon Saga,1998.0,87.03
1692,Advance Wars 2: Black Hole Rising,2003.0,88.21
1698,Wario Land 3,2000.0,85.67
1706,WarioWare: Smooth Moves,2006.0,83.15
1715,Mega Man 2,1988.0,87.4
1741,Mega Man X,1993.0,85.95
1754,Mega Man Legends 2,2000.0,82.56
1757,Mega Man Battle Network 3 White,2002.0,88.52
1758,Mega Man Battle Network 3 Blue,2003.0,87.13
1779,Mega Man ZX,2006.0,76.55
1780,Mega Man ZX Advent,2007.0,84.55
1786,Mega Man Star Force 3: Black Ace,2008.0,89.42
1802,Chrono Trigger,1995.0,93.49
1804,Chrono Cross,1999.0,85.67
1814,Dragon Quest III: The Seeds of Salvation,1988.0,44.3
1816,Dragon Quest V: Hand of the Heavenly Bride,2008.0,93.2
1819,Dragon Quest VIII: Journey of the Cursed King,2004.0,86.75
1840,Neverwinter Nights 2: Mask of the Betrayer,2007.0,83.55
1864,Ni no Kuni: Wrath of the White Witch,2011.0,85.43
1871,The Walking Dead: Season One,2012.0,86.44
1904,Europa Universalis IV,2013.0,86.75
1934,Red Baron,1990.0,86.56
1942,The Witcher 3: Wild Hunt,2015.0,96.35
1955,Zork: Grand Inquisitor,1997.0,86.28
1968,Rayman Legends,2013.0,89.5
1985,Metal Gear Solid V: The Phantom Pain,2015.0,91.35
2012,Darkest Hour: A Hearts of Iron Game,2011.0,85.41
2025,Mount & Blade: Warband,2010.0,77.68
2037,Hearts of Iron II,2005.0,86.55
2054,OutRun 2006: Coast 2 Coast,2006.0,89.03
2133,Super Stardust HD,2007.0,84.56
2135,Bayonetta 2,2014.0,91.04
2143,TimeSplitters 2,2002.0,91.85
2144,TimeSplitters: Future Perfect,2005.0,83.18
2148,Banjo-Kazooie,1998.0,81.82
2155,Dark Souls,2011.0,89.74
2164,The Neverhood,1996.0,90.85
2180,Super Mario 3D World,2013.0,89.83
2194,Punch-Out!!,2009.0,86.03
2200,Test Drive,1987.0,87.76
2201,The Duel: Test Drive II,1989.0,88.57
2207,Shadow of the Colossus,2005.0,90.31
2229,Star Trek: Judgment Rites,1993.0,88.93
2240,Pikmin 2,2004.0,87.04
2259,Boom Blox,2008.0,81.38
2261,Gothic,2001.0,82.63
2262,Gothic II,2002.0,84.3
2266,Muramasa: The Demon Blade,2009.0,85.71
2274,Return of the Tentacle,2018.0,88.87
2276,The Legend of Zelda: The Wind Waker HD,2013.0,90.59
2283,Defense of the Ancients,2003.0,90.88
2295,A Mind Forever Voyaging,1985.0,93.69
2350,Mario Kart 8,2014.0,89.62
2364,Xenoblade Chronicles,2010.0,89.59
2413,Oni,2001.0,79.51
2445,"Commander Keen in Goodbye, Galaxy!: The Armageddon Machine",1991.0,89.44
2481,Gothic II: The Night of the Raven,2003.0,90.44
2528,Lands of Lore: The Throne of Chaos,1993.0,89.88
2541,Rockstar Games presents Table Tennis,2006.0,84.4
2591,Star Fox 64,1997.0,86.25
2617,The Settlers II: Gold Edition,1997.0,92.26
2687,Animal Crossing: New Leaf,2012.0,86.86
2692,Rock Band 2,2008.0,90.02
2693,The Beatles: Rock Band,2009.0,87.08
2853,Braid,2008.0,86.64
2878,Ultima IV: Quest of the Avatar,1985.0,85.3
2895,NetHack,1987.0,89.59
2899,EarthBound,1994.0,91.76
2900,Harvester,1996.0,85.97
2909,The Legend of Zelda: A Link Between Worlds,2013.0,90.78
2912,Leisure Suit Larry: Love for Sail!,1996.0,85.07
2922,Crusader Kings,2004.0,85.66
2951,Elite,1984.0,90.1
2968,Dragon Force,1996.0,86.99
2985,Persona 4 Golden,2012.0,95.12
3000,Shadowrun,1994.0,86.5
3023,The Movies: Stunts and Effects,2006.0,86.03
3029,Spelunky,2012.0,88.88
3036,Battlefield 3: Close Quarters,2012.0,80.61
3047,Forza Horizon,2012.0,83.54
3067,Knights and Merchants: The Shattered Kingdom,1998.0,86.34
3084,Cry of Fear,2013.0,88.15
3088,Rocksmith 2014,2013.0,87.24
3102,Kerbal Space Program,2015.0,87.81
3126,Ultima Online,1997.0,82.88
3127,Brigandine: The Legend of Forsena,1998.0,88.27
3141,Tales of the Unknown: Volume I - The Bard's Tale,1985.0,86.46
3197,Shining Force II,1993.0,86.16
3216,Secret of Mana,1993.0,86.86
3230,The Night of the Rabbit,2013.0,85.76
3272,Sid Meier's Civilization V: Brave New World,2013.0,86.14
3319,Metropolis Street Racer,2000.0,89.97
3322,Project Gotham Racing 3,2005.0,88.07
3340,Paper Mario,2000.0,88.79
3349,Paper Mario: The Thousand-Year Door,2004.0,91.73
3351,Mario & Luigi: Superstar Saga,2003.0,86.73
3363,Mario & Luigi: Bowser's Inside Story,2009.0,92.89
3378,Harvest Moon 64,1999.0,89.94
3380,Harvest Moon: Back to Nature,1999.0,87.83
3384,Harvest Moon: A Wonderful Life,2003.0,86.95
3405,Mario Golf: World Tour,2014.0,84.6
3418,Banjo-Tooie,2000.0,87.21
3448,Bomberman '94,1993.0,87.77
3466,Custom Robo Arena,2006.0,80.5
3568,Ogre Battle 64: Person of Lordly Caliber,1999.0,96.9
3637,Wetrix,1998.0,83.53
3641,World Cup 98,1998.0,86.74
3683,Mother 3,2006.0,90.66
3719,Kirby Super Star,1996.0,83.56
3725,Kirby's Return to Dream Land,2011.0,88.2
3730,Pajama Sam In: No Need to Hide When It's Dark Outside,1996.0,85.41
3735,Red Dead Redemption: Undead Nightmare,2010.0,87.98
3783,Aggressive Inline,2002.0,89.53
3794,Barnyard,2006.0,76.43
3795,Baten Kaitos: Eternal Wings and the Lost Ocean,2003.0,83.87
3798,Dungeon Master,1987.0,90.07
3814,Battlefield 2: Armored Fury,2006.0,80.44
3915,Fight Night Round 2,2005.0,90.89
3932,Gladius,2003.0,89.68
3953,Ikaruga,2001.0,89.07
4034,NBA Live 06,2005.0,87.34
4035,NBA Street,2001.0,87.81
4036,NBA Street Vol. 2,2003.0,87.62
4041,NFL Street,2004.0,84.89
4042,NFL Street 2,2004.0,81.56
4043,NHL 2005,2004.0,81.56
4126,Intelligent Qube,1997.0,74.24
4152,Skies of Arcadia Legends,2002.0,85.15
4157,Sonic Mega Collection,2002.0,79.46
4174,SSX 3,2003.0,89.57
4316,The Lost Files of Sherlock Holmes: The Case of the Serrated Scalpel,1992.0,89.97
4345,FIFA International Soccer,1993.0,85.81
4348,Another World,1991.0,87.23
4438,Sonic the Hedgehog 2,1992.0,88.73
4641,The Age of Decadence,2015.0,70.94
4678,Arc Rise Fantasia,2009.0,76.71
4691,Lumines Live!,2006.0,84.9
4706,Bass Pro Shops: The Strike,2009.0,90.0
4716,The Bigs 2,2009.0,74.01
4719,Bit.Trip Complete,2011.0,86.0
4754,Alien: Isolation,2014.0,85.84
4816,Dokapon Kingdom,2007.0,75.34
4820,Drawn to Life: The Next Chapter,2009.0,84.19
4833,Endless Ocean: Blue World,2009.0,80.08
4841,ModNation Racers,2010.0,83.54
4884,Geometry Wars: Galaxies,2007.0,86.51
4887,Geometry Wars: Retro Evolved 2,2008.0,88.11
4959,Klonoa: Door to Phantomile,1997.0,82.96
4985,Madden NFL 10,2009.0,81.81
4986,Madden NFL 11,2010.0,85.51
5039,King's Bounty: The Legend,2008.0,87.81
5056,NBA 2K11,2010.0,90.79
5065,NCAA Football 09,2008.0,85.51
5079,NPPL Championship Paintball 2009,2008.0,57.5
5082,Divinity: Original Sin,2014.0,86.21
5099,Pinball Hall of Fame: The Williams Collection,2008.0,83.76
5105,Fatal Frame II: Crimson Butterfly,2003.0,86.86
5114,Rango,2011.0,72.5
5132,Rune Factory Frontier,2008.0,86.51
5136,"Sakura Wars: So Long, My Love",2005.0,80.76
5199,Super Mario All-Stars,1993.0,83.79
5223,Tiger Woods PGA Tour 10,2009.0,80.01
5233,Top Spin 4,2011.0,81.54
5258,Virtua Tennis 4,2011.0,77.93
5349,Aero the Acro-Bat 2,1994.0,87.83
5369,Captain Tsubasa,1994.0,89.95
5401,Lunar: Eternal Blue,1994.0,89.97
5413,Twisted Metal: Black,2001.0,88.2
5418,Super Mario RPG: Legend of the Seven Stars,1996.0,88.86
5422,Radiant Silvergun,1998.0,87.06
5423,PowerMonger,1990.0,89.52
5440,Kirby Triple Deluxe,2014.0,81.82
5450,Wings,1990.0,89.84
5502,Transport Tycoon Deluxe,1995.0,85.09
5503,Batman: Arkham Knight,2015.0,89.53
5504,Transport Tycoon,1994.0,86.88
5508,The Banner Saga,2014.0,84.12
5514,Mystery Case Files: Dire Grove,2009.0,93.07
5550,Tactics Ogre: Let Us Cling Together,1995.0,92.87
5563,IL-2 Sturmovik: 1946,2007.0,91.85
5595,Awesomenauts Assemble!,2014.0,90.0
5613,Baldur's Gate II: Enhanced Edition,2013.0,88.79
5623,Severance: Blade of Darkness,2001.0,88.62
5626,Forced,2013.0,83.02
5641,Might & Magic X: Legacy,2014.0,77.91
5645,Bullet Soul Infinite Burst,2014.0,81.0
5654,Advanced Dungeons & Dragons Cartridge,1982.0,89.77
5831,Far Cry Instincts,2005.0,82.68
5850,Grand Theft Auto: The Trilogy,2005.0,86.9
5882,Kingdom Under Fire: Heroes,2005.0,85.76
5894,XCOM: Enemy Within,2013.0,87.78
5911,MechAssault 2: Lone Wolf,2004.0,83.58
5951,NBA Live 07,2006.0,75.45
5953,NCAA Football 07,2006.0,85.13
5954,NCAA Football 08,2007.0,86.25
5982,Pirates of the Caribbean,2003.0,70.4
6036,The Last of Us Remastered,2014.0,96.82
6154,Super Spy Hunter,1991.0,85.68
6165,Ultima VII: The Black Gate,1992.0,89.75
6256,Gratuitous Space Battles,2009.0,78.8
6279,DEVICE 6,2013.0,88.93
6291,Virtua Tennis,1999.0,69.13
6294,Worms World Party,2001.0,82.62
6325,Gemini Rue,2011.0,77.0
6341,Dwarf Fortress,2006.0,86.73
6375,Digimon: Battle Spirit 2,2002.0,89.02
6405,Gunstar Heroes,1993.0,72.6
6440,Monster Hunter 4 Ultimate,2014.0,89.23
6453,Katamari Damacy,2004.0,87.51
6454,We Love Katamari,2005.0,88.48
6456,Beautiful Katamari,2007.0,84.41
6459,Katamari Forever,2009.0,85.47
6462,Touch My Katamari,2011.0,74.26
6504,Mario Tennis: Power Tour,2005.0,83.71
6516,Radiant Historia,2010.0,86.03
6517,JoJo's Bizarre Adventure: All Star Battle,2013.0,77.84
6555,Art of Balance,2010.0,88.0
6614,Zero Escape: Virtue's Last Reward,2012.0,87.61
6616,Summon Night: Swordcraft Story 2,2004.0,90.01
6701,Edna & Harvey: Harvey's New Eyes,2012.0,75.2
6707,Tales from the Borderlands,2014.0,87.04
6739,Black Mesa,2020.0,89.36
6741,Guard Duty,2019.0,79.66
6763,Tennis for Two,1958.0,85.0
6838,Lego Friends,2013.0,51.5
6855,R-Type Leo,1992.0,88.73
6865,Puyo Puyo!! 20th Anniversary,2011.0,86.0
6887,Persona Q: Shadow of the Labyrinth,2014.0,88.96
6892,Style Savvy: Trendsetters,2012.0,90.5
6906,Unchained Blades,2011.0,77.5
6933,Capcom Digital Collection,2012.0,85.0
6962,Deadliest Catch: Alaskan Storm,2008.0,75.0
6967,Don Bradman Cricket 14,2014.0,84.74
6978,Dynasty Warriors: Gundam 2,2008.0,70.37
6982,Dynasty Warriors: Gundam 3,2010.0,79.51
7016,IL-2 Sturmovik: Birds of Prey,2009.0,83.27
7039,Knights Contract,2011.0,74.38
7046,Factorio,2020.0,88.19
7111,NCAA Football 10,2009.0,90.0
7130,Phantom Breaker,2011.0,85.0
7139,Ignition,1997.0,88.86
7140,Screamer,1995.0,83.99
7158,Record of Agarest War,2007.0,85.0
7160,Ridge Racer 6,2005.0,82.4
7167,Rumble Roses XX,2006.0,71.67
7178,SBK 08: Superbike World Championship,2008.0,75.0
7179,SBK 09: Superbike World Championship,2009.0,72.5
7180,SBK X: Superbike World Championship,2010.0,79.17
7189,Sonic's Ultimate Genesis Collection,2009.0,81.59
7194,Steins;Gate,2009.0,88.22
7275,Atelier Rorona: The Alchemist of Arland,2009.0,83.15
7278,Atelier Ayesha: The Alchemist of Dusk,2012.0,80.2
7331,Uncharted 4: A Thief's End,2016.0,94.0
7334,Bloodborne,2015.0,92.18
7342,INSIDE,2016.0,90.62
7344,Ori and the Blind Forest,2015.0,89.1
7346,The Legend of Zelda: Breath of the Wild,2017.0,96.45
7348,Halo: The Master Chief Collection,2014.0,86.13
7351,DOOM,2016.0,87.99
7356,Kingdom Hearts HD 1.5 ReMIX,2013.0,83.58
7386,The Talos Principle,2014.0,87.62
7397,Battleheart Legacy,2014.0,90.0
7406,Aquaria,2007.0,85.96
7444,Shovel Knight,2014.0,87.87
7464,Tales of Symphonia Chronicles,2013.0,84.54
7470,The Tomb Raider Trilogy,2011.0,90.45
7477,Valkyria Chronicles,2008.0,88.54
7489,Yakuza: Dead Souls,2011.0,77.4
7510,Pharaoh,1999.0,78.37
7512,Emperor: Rise of the Middle Kingdom,2002.0,84.64
7543,Gods Will Be Watching,2013.0,75.77
7585,SpaceEngine,2019.0,90.0
7592,Space Rangers,2002.0,88.18
7593,Space Rangers 2: Dominators,2004.0,87.02
7594,Space Rangers HD: A War Apart,2013.0,89.95
7595,Creeper World,2007.0,98.49
7603,Hellblade: Senua's Sacrifice,2017.0,85.63
7634,RUSH,2010.0,86.05
7635,Primordia,2012.0,76.22
7650,The Last Express,1997.0,89.94
7739,Might and Magic VII: For Blood and Honor,1999.0,89.1
7789,The Binding of Isaac: Rebirth,2014.0,91.56
7824,Choplifter III,1994.0,87.5
7841,Kingdom Hearts HD 2.5 ReMIX,2014.0,87.39
7881,ESPN NFL 2K5,2004.0,95.44
7900,Neverwinter Nights: Hordes of the Underdark,2003.0,89.82
7936,La-Mulana,2011.0,89.39
8002,TOCA World Touring Cars,2000.0,89.54
8072,Sanitarium,1998.0,88.69
8100,Haunting Starring Polterguy,1993.0,89.9
8145,Spelunky Classic,2008.0,90.11
8167,Rhythm Heaven,2008.0,87.08
8195,RoboCop Versus The Terminator,1993.0,87.28
8197,Tetris,1984.0,87.4
8199,Space Invaders Extreme 2,2009.0,85.51
8211,Dead or Alive 5: Last Round,2015.0,78.58
8214,Cave Story+,2011.0,84.59
8240,SOCOM II: U.S. Navy SEALs,2003.0,89.08
8247,Marvel vs. Capcom 2: New Age of Heroes,2000.0,82.79
8254,Resident Evil,2014.0,84.94
8257,Centurion: Defender of Rome,1990.0,90.32
8288,The Banner Saga 2,2016.0,87.01
8292,Discworld II: Missing Presumed...!?,1996.0,90.88
8293,Discworld Noir,1999.0,92.34
8307,Lemmings 2: The Tribes,1993.0,89.56
8362,Geneforge,2001.0,86.62
8389,ToeJam & Earl,1991.0,89.14
8467,Velocity 2X,2014.0,84.41
8471,Startopia,2001.0,89.87
8477,Alien vs Predator,1994.0,89.02
8492,Lisa,2014.0,93.95
8584,Fistful of Frags,2014.0,85.68
8593,The Legend of Zelda: Majora's Mask 3D,2015.0,91.35
8711,Marathon Infinity,1996.0,90.72
8734,Super Mario Bros. Crossover,2010.0,89.97
8735,Abobo's Big Adventure,2012.0,89.23
8749,N+,2008.0,83.87
8750,N++,2015.0,88.91
8763,Crimzon Clover: World Ignition,2014.0,89.38
8773,Homeworld: Remastered Collection,2015.0,91.15
8864,Shadowrun: Dragonfall - Director's Cut,2014.0,82.63
8912,Fast Food Tycoon,2000.0,89.4
8947,Guild Wars: Nightfall,2006.0,82.7
8968,Everlasting Summer,2014.0,88.66
8969,Guild Wars: Eye of the North,2007.0,83.64
8973,Football Manager 2012,2011.0,88.49
8974,Football Manager 2013,2012.0,89.4
8975,Football Manager 2014,2013.0,86.02
8986,The Legend of Heroes: Trails in the Sky,2004.0,86.42
9014,Quadrilateral Cowboy,2016.0,86.25
9035,Tormentum: Dark Sorrow,2015.0,82.18
9037,The Blackwell Deception,2011.0,86.6
9046,Chroma Squad,2015.0,79.78
9058,Praetorians,2003.0,86.4
9059,Imperial Glory,2005.0,78.86
9061,Cuphead,2017.0,86.92
9067,StarCraft 64,2000.0,86.61
9103,Elasto Mania,2000.0,91.73
9112,The Book of Unwritten Tales 2,2015.0,80.92
9142,Guilty Gear X2,2002.0,85.76
9143,Guilty Gear X2 #Reload,2003.0,77.89
9146,Guilty Gear XX Accent Core Plus R,2012.0,45.12
9191,Lords of Xulima,2014.0,77.95
9232,Pirates! Gold,1993.0,89.82
9262,The Incredible Machine 2,1994.0,95.5
9495,Squad,2020.0,84.81
9532,Urban Terror,2000.0,85.12
9538,Original War,2001.0,85.15
9542,Poseidon: Master of Atlantis,2001.0,86.48
9577,Persona 3,2006.0,90.84
9587,Xonotic,2011.0,91.26
9600,Persona 4,2008.0,90.55
9601,Henry Hatsworth in the Puzzling Adventure,2009.0,88.68
9607,CLANNAD,2004.0,90.88
9609,Distance,2018.0,87.53
9611,Castle in the Darkness,2015.0,87.36
9620,Megadimension Neptunia VII,2015.0,78.52
9627,Gnomoria,2016.0,86.29
9632,From The Depths,2020.0,87.77
9633,Terranigma,1995.0,89.06
9643,Return of the Obra Dinn,2018.0,92.72
9694,Danganronpa 2: Goodbye Despair,2012.0,85.23
9700,Higurashi: When They Cry,2002.0,89.93
9740,Deus Ex: Human Revolution - Director's Cut,2013.0,90.0
9759,Total War: Warhammer II - Serpent God Edition,2017.0,89.87
9789,RimWorld,2018.0,80.61
9808,Vertical Drop Heroes HD,2014.0,79.51
9809,Creeper World 3: Arc Eternal,2014.0,89.98
9833,Warlords Battlecry II,2002.0,85.25
9834,Warlords Battlecry III,2004.0,87.46
9840,Fieldrunners 2,2012.0,85.99
9894,1nsane,2000.0,89.97
9898,Total War: Warhammer,2016.0,86.91
9927,Persona 5,2016.0,93.95
10039,Superfighters Deluxe,2018.0,95.45
10107,Corsairs: Conquest at Sea,1999.0,91.14
10121,Sensible World of Soccer,1994.0,85.16
10166,Dark Void Zero,2010.0,86.0
10175,Decay: The Mare,2015.0,90.0
10192,The Ultimate DOOM,1995.0,88.96
10222,The Revenge of Shinobi,2002.0,87.0
10235,Chuckie Egg,1983.0,83.35
10496,Wizardry: Bane of the Cosmic Forge,1990.0,97.9
10578,Myths Of Orion: Light from the North,2014.0,90.0
10583,Nancy Drew: Shadow at the Water's Edge,2010.0,85.11
10760,Bloodstained: Ritual of the Night,2019.0,83.86
10951,Tales from the Dragon Mountain 2: The Lair,2014.0,90.0
10962,Uncharted: The Nathan Drake Collection,2015.0,87.28
11002,Earth Defense Force 4.1: The Shadow of New Despair,2015.0,76.97
11051,Mushihimesama,2004.0,86.17
11104,Battle Realms: Winter of the Wolf,2002.0,87.86
11118,Dishonored 2,2016.0,85.97
11133,Dark Souls III,2016.0,87.64
11156,Horizon Zero Dawn,2017.0,90.84
11169,Final Fantasy VII Remake,2020.0,88.84
11208,NieR: Automata,2017.0,91.19
11210,Star Ocean: The Second Story,1998.0,89.39
11212,Star Ocean: Till the End of Time,2003.0,83.85
11219,Sonic the Hedgehog 3 & Knuckles,1994.0,89.72
11222,Windjammers,1994.0,83.39
11226,Anstoss 3,2000.0,99.63
11227,Trials of Mana,1995.0,85.67
11230,StarLancer,2000.0,77.89
11244,Rez,2001.0,87.1
11247,Duck Game,2014.0,84.65
11250,Shift Happens,2017.0,79.75
11259,Alien Nations,1999.0,85.16
11270,The Cat Lady,2012.0,97.18
11328,Shadow Complex,2009.0,85.83
11374,Creatures,1990.0,97.06
11394,Steins;Gate 0,2015.0,88.17
11397,Yakuza 0,2015.0,86.77
11416,Persona 3 Portable,2009.0,89.63
11417,Odallus: The Dark Call,2015.0,89.85
11437,Persona 3 FES,2007.0,89.72
11459,Stella Glow,2015.0,83.12
11565,JoJo's Bizarre Adventure: Eyes of Heaven,2015.0,76.64
11575,Arma II: DayZ,2012.0,85.73
11594,Disgaea 5: Alliance of Vengeance,2015.0,84.01
11610,Disgaea: Hour of Darkness,2003.0,87.57
11612,BlazBlue: Chrono Phantasma Extend,2014.0,87.3
11621,The Lost Crown,2008.0,69.91
11631,HIVESWAP: Act 1,2017.0,87.11
11650,NHL 96,1995.0,96.27
11654,P.T.,2014.0,85.77
11658,Yo-Kai Watch 2: Bony Spirits,2014.0,76.08
11737,Outer Wilds,2019.0,87.84
11772,Shadowrun: Hong Kong,2015.0,82.67
11783,Cave Story 3D,2011.0,86.01
11800,Divinity: Original Sin II,2017.0,89.56
11828,7th Dragon III Code: VFD,2015.0,85.01
11845,Turrican II: The Final Fight,1991.0,89.9
11885,Action Fighter,1986.0,96.78
11987,.hack//G.U. Vol. 1: Rebirth,2006.0,78.04
12071,Eye of the Beholder II: The Legend of Darkmoon,1991.0,87.6
12089,Fantastic Dizzy,1993.0,89.65
12151,Kindred Spirits on the Roof,2012.0,98.5
12328,Fate/stay night,2004.0,91.12
12329,Fate/hollow ataraxia,2005.0,97.4
12382,Fate/Extra,2010.0,82.19
12423,Ecstatica,1994.0,85.16
12443,Magic: The Gathering,1997.0,89.75
12497,4D Sports Boxing,1991.0,89.3
12503,The Witcher 3: Wild Hunt - Hearts of Stone,2015.0,93.12
12517,Undertale,2015.0,92.81
12579,Danganronpa V3: Killing Harmony,2017.0,88.79
12586,Exolon,1987.0,88.71
12672,Lotus III: The Ultimate Challenge,1992.0,92.92
12765,Shanghai,1986.0,89.8
12861,T2: The Arcade Game,1991.0,85.67
12987,System Shock: Enhanced Edition,2015.0,92.68
13074,MicroProse Formula One Grand Prix,1991.0,89.66
13093,Choice of Robots,2014.0,77.99
13100,Super Amazing Wagon Adventure,2012.0,83.47
13137,The Sims Medieval: Pirates and Nobles,2011.0,88.39
13152,The Sims Online,2002.0,86.61
13155,Rage of Mages II: Necromancer,1999.0,89.92
13166,The Witcher 3: Wild Hunt - Blood and Wine,2016.0,94.76
13177,The Binding of Isaac: Afterbirth,2015.0,90.24
13178,Divinity II: The Dragon Knight Saga,2010.0,84.65
13226,Keep Talking and Nobody Explodes,2015.0,85.63
13257,Sensible Soccer: European Champions,1992.0,85.11
13350,Auf Wiedersehen Monty,1987.0,94.95
13547,Waves,2011.0,85.0
13620,Guilty Gear Xrd: Revelator,2015.0,87.47
13676,Legend of Legaia,1998.0,88.11
13679,Alien vs. Predator,1994.0,88.85
13690,Mass Effect 3: Citadel,2013.0,91.32
13923,Borderlands 2: Tiny Tina's Assault on Dragon Keep,2013.0,84.79
13925,Borderlands 2: The Horrible Hunger of the Ravenous Wattle Gobbler,2013.0,89.5
13926,Borderlands 2: How Marcus Saved Mercenary Day,2013.0,89.6
13927,Borderlands 2: Mad Moxxi and the Wedding Day Massacre,2014.0,89.14
13928,Borderlands 2: Sir Hammerlock vs. the Son of Crawmerax,2014.0,89.41
14173,Heroes of Might and Magic III: Horn of the Abyss,2003.0,99.55
14177,Divinity: Original Sin - Enhanced Edition,2015.0,88.13
14411,Forbidden Siren 2,2006.0,83.42
14437,The Old City: Leviathan,2014.0,87.35
14481,Oh No! More Lemmings,1991.0,89.86
14542,The Binding of Isaac: Wrath of the Lamb,2012.0,85.09
14544,The Stanley Parable Demonstration,2013.0,88.07
14593,Hollow Knight,2017.0,92.64
14647,Bloodborne: The Old Hunters,2015.0,91.07
14697,Teenage Mutant Ninja Turtles: Turtles in Time,1991.0,63.73
14701,PAC-MAN 256,2015.0,80.73
14717,Etrian Odyssey II: Heroes of Lagaard,2008.0,84.01
14718,Etrian Odyssey III: The Drowned City,2010.0,85.0
14723,Final Fantasy XIV: Heavensward,2015.0,87.34
14741,Psychonauts 2,2021.0,89.13
14891,World Conqueror 3,2015.0,90.0
15020,Arc the Lad,1995.0,89.65
15072,Landstalker: The Treasures of King Nole,1992.0,89.75
15123,Kohan: Ahriman's Gift,2001.0,94.66
15128,NightSky,2011.0,85.65
15140,Ms. Splosion Man,2011.0,84.34
15167,SteamWorld Heist,2015.0,86.5
15464,Alien: Isolation - Last Survivor,2014.0,89.78
15465,VA-11 HALL-A: Cyberpunk Bartender Action,2016.0,85.13
15467,Shin Megami Tensei: Strange Journey,2009.0,89.36
15531,Batman: Arkham Knight - Season of Infamy: Most Wanted Expansion,2015.0,82.51
15535,Galaga '88,1987.0,87.53
15559,Just Dance 2015,2014.0,82.78
15698,Metroid Dread,2021.0,85.43
15709,Odin Sphere: Leifthrasir,2016.0,87.12
15744,What's under your blanket !?,2016.0,85.46
15815,The Talos Principle: Road to Gehenna,2015.0,87.3
15839,Magical Starsign,2006.0,80.0
15841,Soldier Blade,1992.0,90.0
15843,Bahamut Lagoon,1996.0,87.43
16203,Myst: Masterpiece Edition,1999.0,86.43
16305,My Singing Monsters,2012.0,83.5
16310,INFRA,2016.0,79.21
16328,Hidden in Plain Sight,2015.0,82.98
16480,Loren the Amazon Princess,2012.0,89.76
16538,Samurai Gunn,2013.0,83.02
16585,Dragon Quest V,1992.0,86.92
16617,Super Mario World: Super Mario Advance 2,2001.0,90.74
16665,The Legend of Heroes: Trails in the Sky SC,2006.0,84.5
16730,J.U.L.I.A.: Among the Stars,2014.0,87.82
16748,Super Mario Advance 4: Super Mario Bros. 3,2003.0,88.59
16840,Saturday Morning RPG,2012.0,90.0
16867,Epic Battle Fantasy 4,2014.0,90.0
16983,Dungeon Crawl Stone Soup,2006.0,90.14
17000,Stardew Valley,2016.0,89.72
17011,Subterrain,2016.0,78.51
17224,Deponia: The Complete Journey,2014.0,86.84
17467,IS Defense,2016.0,55.0
17573,Geometry Wars 3: Dimensions Evolved,2014.0,89.87
18056,Breath of Fire: Dragon Quarter,2002.0,86.82
18058,Kim Kardashian: Hollywood,2013.0,90.0
18074,OpenTTD,2004.0,86.78
18131,Frozen Free Fall,2013.0,90.0
18136,Hot Date,2015.0,90.0
18150,Mortal Kombat XL,2016.0,87.84
18165,Command & Conquer: The First Decade,2006.0,70.49
18182,Momodora: Reverie Under the Moonlight,2016.0,86.91
18189,Downfall,2016.0,88.97
18197,Azure Striker GUNVOLT 2,2016.0,84.94
18211,Labyrinth,2016.0,81.05
18221,Kirby: Planet Robobot,2016.0,85.03
18224,Etrian Odyssey V: Beyond the Myth,2016.0,85.91
18314,Worms: Open Warfare 2,2007.0,86.51
18337,Dofus,2004.0,80.29
18370,Disgaea 3: Absence of Detention,2011.0,88.6
18453,The Stanley Parable Mod,2011.0,87.59
18597,Clubhouse Games,2005.0,80.01
18698,Rage Racer,1996.0,79.9
18699,Ridge Racer Type 4,1998.0,89.89
18730,Cataclysm: Dark Days Ahead,2013.0,90.12
18735,Ninja Gaiden Black,2005.0,90.75
18808,Bucky O'Hare,1992.0,88.71
18829,Planet Coaster,2016.0,85.85
18870,Championship Manager 4,2003.0,94.98
18872,Championship Manager: Season 99/00,1999.0,89.94
18924,Overpower,2016.0,75.81
18967,Valkyria Chronicles Remastered,2014.0,86.16
18984,"Hot Dogs, Horseshoes & Hand Grenades",2016.0,90.0
19009,Shadow Complex Remastered,2016.0,82.28
19069,Imperishable Night,2004.0,95.95
19085,Shadow Tactics: Blades of the Shogun,2016.0,88.66
19118,Clash at Demonhead,1989.0,89.0
19121,Guacamelee! Gold Edition,2013.0,91.81
19131,Shin Megami Tensei: Devil Survivor Overclocked,2011.0,87.64
19150,Vagante,2018.0,79.83
19190,MechWarrior 3,1999.0,89.5
19293,Motorsport Manager,2014.0,87.73
19297,Ken Follett's: The Pillars of the Earth,2017.0,81.92
19325,Neon Space,2016.0,91.83
19334,Final Fantasy: Brave Exvius,2015.0,79.97
19351,Disciples II: Gallean's Return,2006.0,85.56
19394,Blackwood Crossing,2017.0,83.44
19409,Farming Simulator 17,2016.0,75.68
19456,Ori and the Blind Forest: Definitive Edition,2016.0,86.65
19457,The Elder Scrolls V: Skyrim Special Edition,2016.0,84.44
19526,Township,2013.0,90.0
19560,God of War,2018.0,96.93
19564,Death Stranding,2019.0,86.42
19565,Marvel's Spider-Man,2018.0,89.76
19598,BOXBOXBOY!,2016.0,81.31
19636,Dynasty Warriors 6: Empires,2009.0,67.51
19686,Resident Evil 2,2019.0,90.93
19728,HUNTDOWN,2020.0,85.66
19729,Mr. Shifty,2017.0,76.58
19803,Ride 2,2016.0,74.01
19839,BioShock: The Collection,2016.0,85.66
19874,Mega Man Legacy Collection,2015.0,86.96
19875,Football Manager 2016,2015.0,84.62
19897,Lucy -The Eternity She Wished For-,2016.0,81.01
19910,Dance Central 3,2012.0,86.01
19924,Dark Souls II: Crown of the Sunken King,2014.0,85.29
19942,Stephen's Sausage Roll,2016.0,93.72
19947,Color Guardians,2015.0,78.03
19959,God of War III: Remastered,2015.0,83.79
19984,Stretchmo,2015.0,83.63
19994,Ratchet & Clank Collection,2012.0,86.82
20065,Resident Evil 4 HD,2011.0,87.25
20068,God of War Collection,2009.0,83.77
20113,Jak and Daxter Collection,2012.0,81.83
20189,Dragon Age: Inquisition - Trespasser,2015.0,84.34
20192,Contra: Hard Corps,1994.0,85.47
20196,Metal Gear Solid: The Legacy Collection,2013.0,93.39
20203,Codename: Panzers - Phase Two,2005.0,84.0
20341,Dark Souls II: Crown of the Ivory King,2014.0,86.29
20545,Devil May Cry 3: Dante's Awakening – Special Edition,2006.0,88.97
20566,Carnivores: Ice Age,2001.0,65.0
20622,Resident Evil: Code Veronica X HD,2011.0,77.31
20655,Final Fantasy VI Advance,2006.0,87.09
20734,Devil May Cry HD Collection,2012.0,85.7
20740,The Witcher 2: Assassins of Kings - Enhanced Edition,2012.0,87.8
20741,Metal Gear Solid HD Collection,2011.0,86.87
20744,Ōkami HD,2012.0,89.49
20749,Hitman HD Trilogy,2013.0,72.51
20834,Batman: Arkham City - Armored Edition,2012.0,85.61
20880,Castle Crashers Remastered,2015.0,84.14
20970,SoulCalibur II HD Online,2013.0,87.81
20979,Fossil Fighters: Champions,2010.0,73.75
21014,Zero Gunner 2,2001.0,82.5
21040,Dark Souls: Prepare to Die Edition,2012.0,86.53
21073,Metal Gear Solid: Snake Eater 3D,2012.0,86.91
21084,ICO & Shadow Of The Colossus Collection,2011.0,92.78
21184,Klonoa,2009.0,80.49
21206,Avalon Code,2008.0,77.51
21669,Virtua Fighter 5: Final Showdown,2010.0,85.74
21704,Batman: Arkham City - Game of the Year Edition,2012.0,93.66
21715,Prince of Persia Trilogy HD,2011.0,85.91
21737,Pac-Man: Championship Edition DX,2010.0,95.26
21762,Dying Light: The Following - Enhanced Edition,2016.0,88.11
21798,Portal: Still Alive,2008.0,91.86
21838,Guardian Heroes,1996.0,86.38
21874,Tears To Tiara II: Heir Of The Overlord,2013.0,82.51
21892,Fallout 3: Game of the Year Edition,2009.0,91.45
21970,Neon Space 2,2016.0,53.21
21972,"The Secret Monster Society: Chapter 1 - Monsters, Fires and Forbidden Forests",2016.0,85.13
21988,Dark Souls: Artorias of the Abyss,2012.0,89.78
22066,Silent Hill 2: Restless Dreams,2001.0,90.02
22144,Icycle: On Thin Ice,2013.0,85.0
22239,Virtua Fighter 4: Evolution,2003.0,86.64
22439,The Witcher 3: Wild Hunt - Game of the Year Edition,2016.0,99.09
22461,Gotta Protectors,2016.0,90.0
22500,Tails,2016.0,85.24
22555,Attack the Light!,2015.0,90.0
22686,Inazuma Eleven GO Strikers 2013,2012.0,86.08
22705,DragonVale,2011.0,90.0
22754,Assassin's Creed: Ezio Trilogy,2012.0,89.93
22778,Outward,2019.0,71.39
22958,Last Window: The Secret of Cape West,2010.0,88.02
22984,Melty Blood Actress Again,2008.0,86.32
23048,Tapper,1983.0,87.84
23095,Moero! Nekketsu Rhythm Damashii Osu! Tatakae! Ouendan 2,2007.0,86.72
23158,Dark Souls III: Ashes of Ariandel,2016.0,80.85
23190,Goat Simulator GoatZ,2015.0,90.0
23192,Goat Simulator PAYDAY,2016.0,90.0
23294,realMyst: Masterpiece Edition,2014.0,77.01
23322,The Legend of Heroes: Trails from Zero,2010.0,87.84
23323,The Legend of Heroes: Trails to Azure,2011.0,96.28
23427,Angry Birds Transformers,2014.0,85.0
23499,Earth's Dawn,2015.0,77.63
23501,88 Heroes,2017.0,83.26
23701,A Tale in the Desert,2003.0,87.58
23717,Will Rock,2003.0,76.44
23851,Wandersong,2018.0,89.2
23910,Shovel Knight: Specter of Torment,2017.0,86.61
23954,Assassin's Creed: The Ezio Collection,2016.0,79.68
23957,Stardust Galaxy Warriors: Stellar Climax,2016.0,82.5
24080,Utawarerumono,2002.0,88.61
24223,Resident Evil 4: Ultimate HD Edition,2014.0,85.14
24413,Micro Machines V3,1997.0,89.7
24417,Eastward,2021.0,85.47
24427,Sunless Skies,2019.0,85.66
24481,Football Manager 2017,2016.0,84.74
24493,Fate/Grand Order,2015.0,98.35
24512,Ostriv,2020.0,90.28
24645,Osu! Tatakae! Ouendan,2005.0,88.66
24723,Unreal Tournament: Game of the Year Edition,2000.0,87.17
24869,Resident Evil,2002.0,83.9
24891,Atari Flashback Classics Vol. 1,2016.0,82.34
24917,Lone Echo,2017.0,89.68
24930,OFF,2008.0,96.89
24952,Disney Magical World 2,2016.0,84.17
24962,Atari Flashback Classics Vol. 2,2016.0,80.25
25076,Red Dead Redemption 2,2018.0,94.74
25100,Luminous Arc 3,2009.0,85.0
25253,Maldita Castilla EX,2016.0,84.46
25358,Deus Ex: Game of the Year Edition,2000.0,93.68
25513,Pilot Brothers,1997.0,94.83
25532,Fallout: New Vegas - Ultimate Edition,2012.0,90.06
25572,Ladykiller in a Bind,2016.0,80.57
25599,Monster Boy and the Cursed Kingdom,2018.0,84.4
25632,SUPERHOT VR,2016.0,84.25
25649,Voodoo Vince: Remastered,2017.0,78.88
25651,Darkest Dungeon: The Crimson Court,2017.0,89.04
25838,The Isle,2015.0,90.59
25843,Wick,2015.0,83.0
26127,Baby Eater,2016.0,90.0
26143,Rogue Trip: Vacation 2012,1998.0,87.57
26176,Picross 3D: Round 2,2015.0,84.17
26192,The Last of Us Part II,2020.0,94.54
26195,WipEout: Omega Collection,2017.0,88.68
26226,Celeste,2018.0,90.3
26255,Overcooked!: The Festive Seasoning,2016.0,90.85
26384,E.X. Troopers,2012.0,90.0
26451,Robo Recall,2017.0,89.39
26472,Disco Elysium,2019.0,92.87
26625,Final Fantasy XIV: Stormblood,2017.0,87.04
26673,OMORI,2020.0,85.51
26700,Raging Loop,2015.0,88.84
26758,Super Mario Odyssey,2017.0,94.25
26766,Xenoblade Chronicles 2,2017.0,88.32
26775,Shin Megami Tensei V,2021.0,87.8
26795,Estranged: Act I,2014.0,85.03
26805,Xenosaga I & II,2006.0,87.0
26834,Utawarerumono: Mask of Truth,2016.0,83.47
26840,Fire Emblem Echoes: Shadows of Valentia,2017.0,83.41
26845,Fire Emblem: Three Houses,2019.0,90.82
26848,Shovel Knight: Treasure Trove,2019.0,87.73
26916,Dark Souls III: The Ringed City,2017.0,87.8
26940,The Banner Saga 3,2018.0,88.95
26974,Heartbound,2018.0,91.54
27028,Deemo,2013.0,85.56
27033,Poochy & Yoshi's Woolly World,2017.0,83.55
27034,Linelight,2017.0,93.89
27035,Candleman,2017.0,83.34
27072,Causality,2017.0,90.0
27129,Yo-Kai Watch 2: Psychic Specters,2014.0,81.75
27241,Shovel Knight: King of Cards,2019.0,91.78
27258,Culdcept Revolt,2016.0,83.38
27304,Ys VIII: Lacrimosa of Dana,2016.0,87.55
27396,Super Cloudbuilt,2017.0,82.51
27397,VOEZ,2016.0,87.01
27436,Kingdom Two Crowns,2018.0,85.65
27461,Top Gear,1992.0,85.58
27499,Distraint 2,2018.0,89.32
27667,Cosmic Star Heroine,2017.0,83.79
27677,Bullet Soul,2011.0,81.5
27685,Soda Dungeon,2015.0,85.16
27762,Paradigm,2017.0,87.76
27820,Sid Meier's Civilization III: Complete,2004.0,91.29
27844,The Elder Scrolls IV: Oblivion - Game of the Year Edition Deluxe,2009.0,96.25
27845,The Elder Scrolls IV: Oblivion - Game of the Year Edition,2007.0,89.8
27857,Assassin's Creed II: Deluxe Edition,2010.0,94.85
27862,Batman: Arkham Asylum - Game of the Year Edition,2010.0,88.24
27867,Unavowed,2018.0,82.94
27911,Dragon Age: Origins - Ultimate Edition,2010.0,86.54
27916,Collection of Mana,2017.0,85.25
27930,Warhammer Quest 2: The End Times,2017.0,90.0
27959,Shin Megami Tensei: Strange Journey Redux,2017.0,84.12
27979,Kingdom Hearts HD 1.5 + 2.5 ReMIX,2017.0,87.69
28028,Total War: Warhammer II,2017.0,87.25
28073,A Mortician's Tale,2017.0,83.84
28129,Senran Kagura Reflexions,2017.0,68.34
28142,Druidstone: The Secret of the Menhir Forest,2019.0,87.8
28160,ATOM RPG,2018.0,91.39
28176,NARUTO SHIPPUDEN: Ultimate Ninja STORM Trilogy,2017.0,83.5
28210,Dark Souls III: The Fire Fades Edition,2017.0,87.89
28222,Nancy Drew: The Deadly Device,2012.0,90.0
28323,Mega Man Legacy Collection 2,2017.0,83.29
28337,13 Sentinels: Aegis Rim,2019.0,88.95
28389,Plok,1993.0,85.69
28412,ACA NEOGEO SHOCK TROOPERS,2017.0,90.0
28710,Crash of Cars,2017.0,90.0
28738,The Vagrant,2017.0,86.4
28896,Critical Ops,2016.0,90.0
28935,orbt xl,2017.0,90.0
28955,SimCity 3000 Unlimited,2000.0,89.71
28972,Neverwinter Nights 2: Platinum,2010.0,85.97
28981,"Warhammer 40,000: Dawn of War - Game of the Year Edition",2007.0,85.13
29211,Stronghold Crusader HD,2013.0,89.83
29586,Wulverblade,2017.0,78.0
29920,Nancy Drew: Sea of Darkness,2015.0,90.0
29927,Nancy Drew: The Silent Spy,2013.0,90.0
29961,Lost Grimoires 2: Shard of Mystery,2017.0,90.0
30155,Rocksmith 2014 Edition - Remastered,2016.0,92.19
30237,Fortress Forever,2007.0,91.19
30424,Queen's Quest 2: Stories of Forgotten Past,2017.0,90.0
30548,Pavlov VR,2017.0,89.9
30583,GRIDD: Retroenhanced,2017.0,90.0
30804,"Warhammer 40,000: Deathwatch Tyranids Invasion",2015.0,90.0
30968,Red's Kingdom,2017.0,90.0
30994,Arizona Rose and the Pirates' Riddles,2016.0,90.0
31149,Colt Express,2016.0,90.0
31292,Darkness and Flame: Born of Fire,2016.0,90.0
32469,Talent Not Included,2016.0,83.0
32614,Titan Quest Anniversary Edition,2016.0,86.27
32889,Eleven: Table Tennis VR,2016.0,90.0
32902,GentleMoon 2,2016.0,88.47
32969,Ghost 1.0,2016.0,82.95
33306,Bullet Force,2016.0,90.0
33414,Blast Brawl 2: Bloody Boogaloo,2016.0,90.0
33992,Wand Wars,2016.0,90.0
34062,Northern Tale,2016.0,90.0
34266,Roads of Rome,2015.0,90.0
34293,BioShock Remastered,2016.0,85.97
34392,Disgaea PC,2016.0,89.22
34610,ACE Academy,2016.0,90.0
34669,Stack,2017.0,90.0
34670,Eggggg - The platform puker,2016.0,90.0
34951,Dead Island: Definitive Edition,2016.0,85.51
35282,CrossCode,2018.0,89.39
35934,Airships: Conquer the Skies,2018.0,88.5
36550,Yakuza: Like a Dragon,2020.0,87.34
36620,Light Fall,2018.0,80.01
36721,Realm Grinder,2017.0,88.98
36749,Monument Valley 2,2017.0,84.76
36929,Pathfinder: Kingmaker,2018.0,75.82
37001,Ori and the Will of the Wisps,2020.0,89.52
37034,The Elder Scrolls V: Skyrim Switch,2017.0,86.53
37057,Griftlands,2019.0,85.48
37059,Age of Empires: Definitive Edition,2018.0,79.57
37060,XCOM 2: War of the Chosen,2017.0,86.36
37083,Horizon Zero Dawn: The Frozen Wilds,2017.0,85.75
37138,Sengoku Rance,2006.0,94.91
37184,Angry Birds Evolution,2016.0,90.0
38387,Super Bomberman 5,1997.0,96.82
38884,Zombies Ate My Friends,2013.0,90.0
38973,Beast Quest,2018.0,90.0
39216,King of Thieves,2015.0,90.0
39217,Dungeon Hunter 5,2015.0,90.0
39463,Neo Bomberman,1997.0,89.58
39539,Last Blade,1998.0,85.0
40477,Slay the Spire,2019.0,89.48
41026,Farming Simulator 16,2015.0,90.0
41595,BioShock Infinite: The Complete Edition,2014.0,89.3
41597,The Elder Scrolls V: Skyrim Collector's Edition,2011.0,85.43
41610,Life Is Strange - Limited Edition,2016.0,86.1
41620,Rocket League: Collector's Edition,2016.0,89.87
41621,Football Manager 2019,2018.0,89.47
41829,The Legend of Zelda: Breath of the Wild - Expansion Pass,2017.0,96.0
41862,Resident Evil: Origins Collection,2016.0,88.0
41876,Uncharted 3: Drake's Deception Remastered,2015.0,86.3
41877,Uncharted 2: Among Thieves Remastered,2015.0,87.13
41884,Uncharted 3: Drake's Deception - Game of the Year Edition,2012.0,89.88
42554,Final Fight Guy,1992.0,87.37
42635,Dragon View,1994.0,88.78
42813,Gitaroo Man Lives!,2006.0,89.44
42929,Batman: Arkham Knight - Game of the Year Edition,2016.0,93.94
42931,Bloodborne: Game Of The Year Edition,2015.0,97.22
42975,Call Of Duty: Modern Warfare Trilogy,2016.0,85.0
43017,Destiny: The Taken King: Legendary Edition,2015.0,90.0
43680,Dance Dance Revolution EXTREME,2002.0,91.93
43914,Vanguard Bandits,1998.0,87.54
44078,The Longest Five Minutes,2016.0,76.81
44390,Ninja Usagimaru: The Gem of Blessings,2012.0,88.0
45142,The Legend of Zelda: Ocarina of Time - Master Quest,2003.0,89.97
45178,Metal Gear Solid: Peace Walker - HD Edition,2011.0,85.77
46265,Ranger X,1993.0,89.65
46614,Wadanohara and the Great Blue Sea,2013.0,88.91
46619,Disciples II: Gold Edition,2005.0,89.89
46976,Diablo: Battle Chest,2001.0,88.82
46980,Kara no Shoujo,2008.0,91.49
47107,Portal Stories: Mel,2015.0,85.62
47445,The Elder Scrolls V: Skyrim Legendary Edition,2013.0,91.36
47447,Real Steel,2011.0,90.0
49652,Kamaitachi no Yoru Advance,2002.0,86.0
50347,Duke Nukem 3D: Atomic Edition,1996.0,88.67
50357,Warlords II,1993.0,87.31
51226,Gangsters 2: Vendetta,2001.0,90.75
51267,Umineko: When They Cry Chiru,2009.0,99.49
51378,Call of Duty: Black Ops III - Zombies Chronicles Edition,2017.0,90.0
51485,Super Fancy Pants Adventure,2017.0,89.57
51799,Tropico 3: Gold Edition,2010.0,90.0
51820,Heroes of Might and Magic III: Complete,2000.0,95.21
52006,Noita,2020.0,83.71
52213,Farming Simulator 14,2013.0,85.0
52496,Check vs. Mate,2011.0,90.0
52578,Mahjong Gold,2013.0,90.0
52715,Redout: Lightspeed Edition,2017.0,80.0
52881,WordWhizzle Search,2016.0,90.0
53127,Weird Park: The Final Show,2014.0,90.0
53387,Guild Wars 2: Path of Fire,2017.0,86.46
53506,Resident Evil: Revelations 2 - Deluxe Edition,2015.0,90.0
53812,Total War: Shogun 2 - Collection,2012.0,90.0
53818,Tomb Raider: Game of the Year Edition,2014.0,87.42
54167,LEGO Marvel Super Heroes 2 - Deluxe Edition,2017.0,90.0
54220,Persona Q2: New Cinema Labyrinth,2018.0,89.21
54350,Samurai II: Vengeance,2010.0,90.0
54612,Fallout 4: Game of the Year Edition,2017.0,89.19
54662,Football Manager 2018,2017.0,81.6
55036,Anno 1800,2019.0,86.48
55056,Age of Empires II: Definitive Edition,2019.0,83.69
55057,Age of Empires III: Definitive Edition,2020.0,83.72
55077,Beast Battle Simulator,2017.0,96.42
55090,Yakuza Kiwami 2,2017.0,86.35
55112,Fist of the North Star: Lost Paradise,2018.0,78.31
55169,CSR Racing 2,2015.0,90.0
55322,Pathologic 2,2019.0,80.33
55372,Epic Cards Battle 2-Dragons Rising (TCG),2017.0,90.0
55590,Mashinky,2017.0,89.79
55697,The Secret Order 6: Bloodline,2017.0,90.0
55771,Fell Seal: Arbiter's Mark,2019.0,89.64
56018,Arkanoid vs. Space Invaders,2017.0,90.0
56060,Shadowgun Legends,2018.0,42.97
56590,Angry Birds Match,2016.0,90.0
56929,Ice Rage,2011.0,90.0
56967,Game of Thrones: Conquest,2017.0,90.0
57064,Angry Birds Blast!,2016.0,90.0
57153,The Battle of Polytopia,2016.0,89.83
57191,Table Tennis Touch,2014.0,90.0
57192,NAIRI: Tower of Shirin,2018.0,83.48
57297,Fairune 2,2016.0,87.0
58141,Lanota,2016.0,87.0
58656,Chameleon Run,2016.0,90.0
58672,Disney Crossy Road,2016.0,90.0
58717,80's Overdrive,2017.0,87.0
58946,Baila Latino,2015.0,90.0
59086,Teenage Mutant Ninja Turtles: Portal Power,2016.0,90.0
59433,Petit Novel Series: Harvest December,2015.0,93.0
59437,Monster Legends,2013.0,90.0
59547,Shooty Skies,2015.0,90.0
59849,L.A. Noire,2017.0,83.21
59858,Lethal League Blaze,2018.0,90.43
60224,Angry Birds: POP!,2014.0,90.0
63499,Teenage Mutant Ninja Turtles: Rooftop Run,2013.0,90.0
65290,Bike Baron,2011.0,90.0
67778,Rock Band: Metal Track Pack,2009.0,85.0
67852,Yggdra Unison: Seiken Buyuuden,2007.0,85.0
68161,Layers of Fear: Legacy,2018.0,88.0
68316,Homescapes,2017.0,90.0
68344,Arcade Game Series: Pac-Man,2016.0,89.25
68407,Rock Band: Country Track Pack,2009.0,85.0
68713,Eventide 3: Legacy of Legends,2017.0,90.0
69392,Sonic Forces: Speed Battle,2017.0,90.0
69638,Super Mario Bros. / Duck Hunt,1988.0,87.72
70166,Ys: Book I & II,1989.0,89.15
71595,Flynn: Son of Crimson,2021.0,89.04
72327,Streets of Rage Remake,2011.0,99.66
72443,Trilby's Notes,2006.0,88.26
72870,Horizon Zero Dawn: Complete Edition,2017.0,91.06
74162,REKT!,2017.0,80.0
74285,Membrane,2018.0,87.0
74545,Opus Magnum,2017.0,89.45
74732,Etterna,2016.0,87.19
74828,Into the Dead 2,2017.0,90.0
74878,Hitman: Game of the Year Edition,2017.0,99.06
74904,AMID EVIL,2019.0,87.94
74946,World End Syndrome,2018.0,90.0
74960,Fire Rides,2017.0,90.0
75131,Cube Escape: The Cave,2017.0,88.05
75235,Ghost of Tsushima,2020.0,90.97
75239,Spelunky 2,2020.0,88.02
75868,Farming Simulator 17: Platinum Edition,2017.0,82.5
75932,Fearful Symmetry & The Cursed Prince,2017.0,90.0
76045,The Last Blade 2,1998.0,87.89
76110,Cookies vs. Claus,2017.0,85.73
76217,DOOM,2017.0,82.58
76244,The Great Ace Attorney: Adventures,2015.0,96.58
76331,Debris Infinity,2017.0,85.0
76356,Football Manager Touch 2018,2017.0,87.5
76641,Samsara,2018.0,80.0
76844,Sonic Runners Adventure,2017.0,90.0
76882,Sekiro: Shadows Die Twice,2019.0,90.93
76927,Football Manager Mobile 2018,2017.0,90.0
76959,ACA NEOGEO TOP HUNTER: RODDY & CATHY,2017.0,90.0
77264,Pulstar,2014.0,87.0
77267,Call of Duty: Black Ops Zombies,2011.0,90.0
77336,The Legend of Zelda: A Link to the Past & Four Swords,2002.0,93.07
77378,Super Mario All-Stars + Super Mario World,1994.0,95.55
77488,Zombotron,2019.0,84.5
77537,KORG Gadget,2018.0,93.0
78059,OF MICE AND SAND -REVISED-,2017.0,80.26
78115,The Legend of Heroes: Trails of Cold Steel IV,2018.0,85.41
78127,ACA NEOGEO REAL BOUT FATAL FURY SPECIAL,2017.0,90.0
78386,Bubble Witch 3 Saga,2017.0,90.0
78544,College BBALL Coach,2016.0,90.0
78559,Earthbound,1983.0,91.0
78631,Monster Hunter Tri Limited Edition,2010.0,90.0
78951,Cookie Run: OvenBreak,2016.0,90.0
79149,Phantasy Star Online Episode I & II Plus,2003.0,87.0
79156,Tengai,2006.0,77.5
79812,Cel Damage HD,2014.0,90.0
79987,Mercenaries Saga Chronicles,2018.0,87.0
80174,Mario's Super Picross,1995.0,89.6
80185,SEGA Mega Drive & Genesis Classics,2018.0,89.99
80468,NieR RepliCant,2010.0,88.57
80731,Picross e7,2016.0,87.0
80877,Final Fantasy XV: Royal Edition,2018.0,79.38
81016,Just Jump,2018.0,90.0
81085,Dark Souls: Remastered,2018.0,87.4
81141,Post Scriptum,2018.0,74.96
81247,Candleman: The Complete Journey,2018.0,84.08
81272,Detective Pikachu,2018.0,79.45
81732,Kenshō,2017.0,90.0
81894,Sky Ball,2018.0,90.0
82370,The Liar Princess and the Blind Prince,2018.0,73.76
82372,Beholder: Complete Edition,2018.0,90.0
82374,Alien: Isolation - The Collection,2015.0,89.97
82375,Air Guitar Warrior for Kinect,2017.0,82.5
82376,Arcade Game Series: Galaga,2016.0,90.0
82377,Arcade Game Series: Dig Dug,2016.0,90.0
82392,ACA NEOGEO POWER SPIKES II,2018.0,90.0
82418,Skylanders: SuperChargers - Portal Owner's Pack,2015.0,85.0
82421,Rock Band 4: Rivals Bundle,2016.0,90.0
82435,Resident Evil Revelations 2: Episode 1 - Penal Colony,2015.0,78.76
82441,Outlast: Bundle of Terror,2014.0,89.91
83322,Tempest: Pirate Action RPG,2017.0,90.0
83504,Wildermyth,2019.0,88.12
83535,Neonwall,2018.0,84.0
83730,Super One More Jump,2018.0,90.0
83876,Titanfall: Deluxe Edition,2014.0,95.0
83881,NASCAR 15: Victory Edition,2015.0,85.0
84157,Panel de Pon,1995.0,85.44
84657,3D Sonic The Hedgehog 2,2015.0,89.0
84677,3D Streets of Rage 2,2015.0,86.0
84696,New Play Control! Pikmin,2008.0,86.0
84697,New Play Control! Pikmin 2,2009.0,90.0
84724,Plantera Deluxe,2017.0,87.0
84972,Ace Attorney Investigations 2,2011.0,90.17
85619,Layton's Mystery Journey: Katrielle and the Millionaires' Conspiracy DX,2018.0,85.0
86295,Tick Tock: A Tale for Two,2019.0,47.03
86389,Far Cry 3: Classic Edition,2018.0,83.15
86494,RollerCoaster Tycoon Touch,2017.0,90.0
86647,Samurai Aces for Nintendo Switch,2018.0,93.0
86828,Animal Jam - Play Wild!,2015.0,90.0
86970,World of Warships: Blitz,2018.0,90.0
87020,Coin Master,2010.0,90.0
87026,Ultimate Horse Simulator,2015.0,90.0
87030,Stack & Crack,2018.0,90.0
87031,Bring You Home,2018.0,90.0
87088,Everyday Jigsaw,2008.0,90.0
87183,Galaxy on Fire 3 - Manticore,2016.0,87.0
87197,Steredenn: Binary Stars,2018.0,85.0
87214,Sushi Cat,2010.0,90.0
87338,Construction Simulator 2,2017.0,90.0
87352,War Robots,2014.0,90.0
87367,"Good Pizza, Great Pizza",2014.0,90.0
87407,Stardom: Hollywood,2013.0,90.0
87530,Biotix: Phage Genesis HD,2018.0,90.0
87570,Duck Run,2022.0,90.0
87577,Jurassic Life: Tyrannosaurus Rex Dinosaur Simulator,2014.0,90.0
87579,Jurassic Life: Velociraptor Dinosaur Simulator,2014.0,90.0
87683,Spyro Reignited Trilogy,2018.0,84.52
88223,Meteorfall: Journey,2018.0,90.0
88320,Kingdom Rush HD,2011.0,90.0
88563,Croc's World 3,2015.0,90.0
88578,ACA NEOGEO MAGICAL DROP III,2018.0,90.0
88618,Air Hockey,2018.0,90.0
88750,Lost Souls: Enchanted Paintings,2011.0,90.0
88844,Angry Zombies,2020.0,90.0
88881,Pocket Build,2017.0,90.0
88904,PAC-MAN,2008.0,90.0
88905,Solitaire,2013.0,90.0
88907,ACA NEOGEO THE KING OF FIGHTERS '98,2017.0,90.0
88938,Exploding Kittens,2016.0,90.0
89181,Tsuro: The Game of The Path - VR Edition,2020.0,90.0
89492,Sniper Strike: Special Ops,2017.0,90.0
89594,Monster Sanctuary,2020.0,90.52
89730,Code Of War,2018.0,90.0
89738,Solitaire 3D,2020.0,90.0
89771,Gekido Kintaro's Revenge,2018.0,86.0
89817,Disney Emoji Blitz,2016.0,90.0
89929,Uncharted: The Nathan Drake Collection - Special Edition,2015.0,90.01
90051,Pudding Monsters,2012.0,90.0
90101,Super Smash Bros. Ultimate,2018.0,87.43
90435,.projekt,2018.0,90.0
90517,ACA NEOGEO THE LAST BLADE 2,2018.0,90.0
90518,ACA NEOGEO BLAZING STAR,2017.0,84.0
90974,Xuan Yuan Sword: The Gate of Firmament,2015.0,90.0
91121,Golf Zero,2017.0,90.0
91191,Serious Sam Fusion 2017,2017.0,89.39
91212,Mass Effect: Andromeda – Deluxe Recruit Edition,2017.0,90.0
91477,Before Your Eyes,2021.0,92.07
92116,Will Hero,2018.0,90.0
93901,Grand Theft Auto V: Premium Online Edition & Whale Shark Card Bundle,2016.0,90.0
94049,Minecraft: Windows 10 Edition,2015.0,93.98
94054,Pode,2018.0,81.26
94784,Respawnables: Special Forces,2012.0,90.0
94873,Sonic Mania Plus,2018.0,91.03
94969,Mark of the Ninja Remastered,2018.0,95.62
94983,Reigns: Kings & Queens,2018.0,90.0
95027,Garage,2018.0,75.0
95054,Gotcha Racing 2nd,2018.0,90.0
95069,428: Shibuya Scramble,2008.0,86.15
95508,Sonic Robo Blast 2,2014.0,86.98
95645,Faraway 2,2018.0,90.0
95832,Shantae: Half-Genie Hero Ultimate Edition,2018.0,86.41
96252,Mega Man X Legacy Collection,2018.0,88.52
96439,Venture Kid,2016.0,48.5
96488,Psyvariar Delta,2018.0,87.5
98077,Grand Theft Auto V: Premium Online Edition,2018.0,95.44
98753,My Grandfather's Farm,2018.0,96.36
99118,Dragalia Lost,2018.0,74.81
99821,Metal Gear Solid 3: Snake Eater HD Edition,2011.0,95.4
102129,ASTRO BOT: Rescue Mission,2018.0,91.99
103198,Chameleon Run: Deluxe Edition,2018.0,93.0
103221,Tetris Effect,2018.0,87.42
103281,Halo Infinite,2021.0,86.69
103294,NieR: Automata - BECOME AS GODS Edition,2018.0,89.49
103317,Mario + Rabbids Kingdom Battle: Donkey Kong Adventure,2018.0,85.01
103333,The Binding of Isaac: Antibirth,2016.0,91.02
103337,Divinity: Original Sin II - Definitive Edition,2018.0,90.72
103340,Xenoblade Chronicles 2: Torna - The Golden Country,2018.0,87.06
103364,Splatoon 2: Octo Expansion,2018.0,85.76
104096,Night of the Full Moon,2017.0,90.0
104786,DEVOTION,2019.0,88.15
104789,Mercenaries Wings: The False Phoenix,2018.0,87.0
104819,Mutant Football League: Dynasty Edition,2018.0,73.5
104967,Valheim,2021.0,88.26
104971,AI: The Somnium Files,2019.0,86.25
104974,AI: The Somnium Files - Special Agent Edition,2019.0,90.0
105420,Hollow Knight: Godmaster,2018.0,87.55
105594,Occupy White Walls,2018.0,93.73
105624,Rento Fortune Monolit,2017.0,92.0
106819,Final Fantasy XIV: Complete Edition,2017.0,99.32
107218,Desperados III,2020.0,86.79
107300,Thronebreaker: The Witcher Tales,2018.0,86.1
108254,Gunlord X,2019.0,84.0
109108,The Banner Saga Trilogy,2018.0,87.0
109233,Lapis x Labyrinth,2018.0,79.34
109241,The Binding of Isaac: Repentance,2021.0,98.85
109282,The Last Remnant Remastered,2018.0,74.84
109287,Hollow Knight: Voidheart Edition,2018.0,95.78
109367,Enderal: Forgotten Stories,2019.0,85.83
109456,Capcom Beat 'Em Up Bundle,2018.0,83.34
109459,Little Town Hero,2019.0,74.0
109464,Cities: Skylines - Nintendo Switch Edition,2018.0,81.26
109465,Chocobo's Mystery Dungeon EVERY BUDDY!,2019.0,84.0
109596,SEGA AGES Phantasy Star,2018.0,90.0
110062,SEGA AGES VIRTUA RACING,2019.0,93.0
110069,Dragon Quest XI S: Echoes of an Elusive Age - Definitive Edition,2019.0,88.48
110875,Lorelai,2019.0,88.83
111081,The Witch's House MV,2018.0,92.82
111276,True Fear: Forsaken Souls Part 2,2018.0,89.36
111661,OMNO,2021.0,84.39
112191,Epic Seven,2018.0,89.11
112412,Final Fantasy XIV: Shadowbringers,2019.0,90.68
112874,Horizon Forbidden West,2022.0,93.4
113112,Hades,2020.0,93.94
113113,Crash Team Racing Nitro-Fueled,2019.0,84.56
113344,Monster Hunter: World - Iceborne,2019.0,93.56
113345,NieR: Automata - Game of the YoRHa Edition,2019.0,44.52
113598,DEATHLOOP,2021.0,87.96
113895,Havocado,2019.0,88.76
114135,Guilty Gear 20th Anniversary Edition,2019.0,87.0
114283,Persona 5 Royal,2019.0,95.81
114392,A Dance of Fire and Ice,2019.0,87.41
115278,Rune Factory 4 Special,2019.0,87.28
115776,Gwent: Crimson Curse,2019.0,99.53
115875,Nintendo Labo: Toy-Con 04 - VR Kit,2019.0,85.25
116146,Seven: Enhanced Edition,2019.0,94.88
116201,Tiny Metal: Full Metal Rumble,2019.0,85.0
116539,Blood: Fresh Supply,2019.0,83.18
116559,Persona 5 Royal Limited Edition,2019.0,90.63
116667,F1 2019,2019.0,86.8
116794,Kingdom Come: Deliverance - Royal Edition,2018.0,91.7
117882,God of War II HD,2010.0,88.27
118308,The Gray Garden,2012.0,86.27
119133,Elden Ring,2022.0,95.96
119190,Bug Fables: The Everlasting Sapling,2019.0,90.01
119270,Tales of Arise,2021.0,86.75
119295,Microsoft Flight Simulator,2020.0,88.1
119304,Spiritfarer,2020.0,88.54
119305,LEGO Star Wars: The Skywalker Saga,2022.0,85.96
119314,The Messenger: Picnic Panic,2019.0,44.7
119390,Ni no Kuni: Wrath of the White Witch Remastered,2019.0,87.62
119394,Ni no Kuni: Wrath of the White Witch for Nintendo Switch,2019.0,88.8
119402,The Witcher 3: Wild Hunt - Complete Edition,2016.0,92.64
119445,Rolling Gunner,2018.0,98.0
119506,Disgaea 4 Complete+,2019.0,85.57
119656,Koikatsu Party,2019.0,88.21
120200,Mighty Switch Force! Collection,2019.0,88.5
120436,One Piece: Pirate Warriors 4,2020.0,82.28
120551,Digimon Story Cyber Sleuth: Complete Edition,2019.0,76.93
120646,Kind Words,2019.0,88.27
120710,The Henry Stickmin Collection,2020.0,99.42
120974,Your Turn To Die: Death Game By Majority,2017.0,92.01
121404,Shady Part of Me,2020.0,89.89
121436,Sonic Robo Blast 2 Kart,2018.0,93.69
122082,Disney Classic Games: Aladdin and The Lion King,2019.0,84.41
122195,Monster Prom 2: Monster Camp,2020.0,90.0
122556,Celeste: Farewell,2019.0,98.45
122559,Mini Motorways,2019.0,88.65
122661,Gwent: Iron Judgment,2019.0,99.53
123354,​The Ninja Saviors: Return of the Warriors,2019.0,80.31
123395,Arknights,2020.0,88.52
124954,Crusader Kings III,2020.0,88.53
125009,Halo 2: Anniversary,2014.0,83.76
125021,The Jackbox Party Pack 6,2019.0,82.94
125175,World of Warcraft: Shadowlands,2020.0,84.14
125286,The Stretchers,2019.0,81.25
125764,Guilty Gear: Strive,2021.0,87.52
126098,Half-Life: Alyx,2020.0,92.77
126120,Say No! More,2021.0,77.76
126138,Borderlands 3: Moxxi's Heist of the Handsome Jackpot,2019.0,86.65
126153,S.T.A.L.K.E.R.: Anomaly,2018.0,86.39
127036,Bioshock Infinite: Burial at Sea,2013.0,89.97
127155,Project M,2011.0,93.32
127358,Ruined King: A League of Legends Story,2021.0,83.23
127782,Warcraft II: Battle.net Edition,1999.0,86.78
127816,Paradise Killer,2020.0,83.52
127976,PokeMMO,2012.0,85.66
129694,The Test,2020.0,90.0
129797,Age of Empires II: Gold Edition,2002.0,87.68
131887,Project +,2020.0,93.98
132165,Observer: System Redux,2020.0,89.94
132205,F1 2020,2020.0,89.58
132224,Fire Emblem: Three Houses – Cindered Shadows,2020.0,87.2
132234,All Over,2020.0,98.0
132907,There Is No Game: Wrong Dimension,2020.0,84.86
133040,Cryptoman,2019.0,86.7
133887,Tony Hawk's Pro Skater 1+2,2020.0,88.26
133945,World War Z: Game of the Year Edition,2020.0,88.12
134582,Ratchet & Clank: Rift Apart,2021.0,91.17
134595,HITMAN 3,2021.0,85.33
134597,Astro's Playroom,2020.0,83.51
134606,Demon's Souls,2020.0,89.7
135243,It Takes Two,2021.0,90.13
135295,Stream Racer,2020.0,91.14
135337,Bloodstained: Curse of the Moon 2,2020.0,82.72
135450,Crash Bandicoot 2: Cortex Strikes Back,2017.0,87.21
135919,Alba: A Wildlife Adventure,2020.0,85.82
135999,Tetris Effect: Connected,2020.0,89.64
136604,Control: Ultimate Edition,2020.0,89.84
136770,DDraceNetwork,2020.0,98.34
136868,Train Sim World 2,2020.0,87.85
138227,Super Mario 3D World + Bowser's Fury,2021.0,90.13
138569,Tormented Souls,2021.0,84.49
138851,Not In The Groove,2011.0,99.05
138858,ENDER LILIES: Quietus of the Knights,2021.0,82.23
138949,Marvel's Spider-Man Remastered,2020.0,86.62
138950,Monster Hunter Rise,2021.0,91.26
139078,Dyson Sphere Program,2021.0,89.82
139090,Inscryption,2021.0,85.23
139399,Ragnarock,2021.0,87.51
139403,Jungles of Maxtheria,2020.0,96.83
139446,Mortal Kombat 11: Ultimate,2020.0,93.67
140059,Multi Theft Auto,2003.0,97.25
140158,supfly delivery simulator,2020.0,90.7
140204,BroodStar,2020.0,96.37
140839,Mass Effect Legendary Edition,2021.0,89.77
141415,Das Balkonzimmer,2020.0,93.95
141503,Forza Horizon 5,2021.0,90.32
141540,Disco Elysium: The Final Cut,2021.0,92.49
141828,Caves (Roguelike),2015.0,95.01
142289,Two Hours One Life,2018.0,95.01
142494,Dragon Ball Card Warriors,2020.0,98.66
142803,Diablo II: Resurrected,2021.0,87.32
143232,Final Fantasy XIV: Endwalker,2021.0,90.83
143335,DinoScape,2020.0,94.18
143610,Triangle Strategy,2022.0,84.28
144024,Final Fantasy VII Remake Intergrade,2021.0,91.32
144133,Gloam,2021.0,92.6
144345,FortressOne,2018.0,99.11
145327,Town Star,2020.0,93.16
146075,The Great Ace Attorney Chronicles,2021.0,86.24
149292,Alley Catz Bowling,2021.0,92.07
152063,Death Stranding: Director’s Cut,2021.0,90.43
152122,Doki Doki Literature Club Plus!,2021.0,86.75
153700,Ghost of Tsushima: Director's Cut,2021.0,94.64
154772,Ghost of Tsushima: Iki Island,2021.0,85.11
163344,Rune Evolution,2021.0,100.0
168670,Uncharted: Legacy of Thieves Collection,2022.0,89.29
170777,Deltarune: Chapter 2,2021.0,89.85
171768,Voice of Cards: The Isle Dragon Roars,2021.0,82.74
172427,Kirby and the Forgotten Land,2022.0,86.27
176552,Animal Crossing: New Horizons - Happy Home Paradise,2021.0,94.57
178111,Corpse Party,2021.0,90.31
178283,NFUT Cards,2021.0,94.81
187043,Rising Star,2020.0,94.33
196789,Supremacy: The Metaverse Game,2022.0,95.25
